Final Score Set,Total Count
"(99, 105)",91
"(101, 108)",91
"(98, 106)",84
"(100, 107)",83
"(94, 99)",78
"(97, 100)",78
"(98, 105)",77
"(103, 107)",77
"(101, 106)",77
"(95, 102)",76
"(100, 108)",76
"(96, 105)",75
"(100, 105)",75
"(103, 105)",75
"(100, 103)",75
"(99, 104)",74
"(103, 108)",74
"(102, 107)",74
"(96, 103)",73
"(98, 104)",73
"(98, 100)",73
"(94, 100)",73
"(100, 102)",72
"(103, 106)",72
"(96, 98)",72
"(102, 109)",71
"(98, 109)",71
"(106, 111)",71
"(104, 111)",70
"(106, 115)",70
"(94, 103)",70
"(96, 107)",70
"(96, 101)",69
"(97, 106)",69
"(100, 98)",68
"(101, 105)",68
"(100, 93)",68
"(96, 106)",67
"(96, 102)",67
"(103, 109)",67
"(97, 104)",67
"(99, 102)",67
"(105, 111)",67
"(93, 100)",67
"(102, 110)",67
"(97, 99)",67
"(97, 102)",67
"(91, 99)",66
"(97, 105)",66
"(106, 113)",66
"(104, 107)",65
"(95, 99)",65
"(95, 100)",65
"(101, 104)",65
"(101, 109)",65
"(97, 103)",65
"(93, 102)",65
"(104, 106)",65
"(98, 103)",64
"(94, 104)",64
"(93, 98)",64
"(105, 110)",64
"(94, 102)",64
"(109, 115)",64
"(105, 100)",64
"(92, 97)",64
"(99, 108)",64
"(104, 101)",64
"(103, 112)",64
"(109, 114)",64
"(102, 106)",63
"(95, 104)",63
"(89, 96)",63
"(104, 96)",63
"(103, 101)",63
"(99, 106)",63
"(100, 104)",63
"(100, 109)",63
"(99, 109)",63
"(99, 110)",63
"(98, 102)",63
"(102, 96)",62
"(96, 104)",62
"(105, 108)",62
"(105, 107)",62
"(99, 101)",62
"(101, 107)",62
"(92, 100)",62
"(100, 106)",62
"(103, 110)",62
"(97, 107)",62
"(102, 105)",62
"(106, 114)",61
"(99, 107)",61
"(106, 112)",61
"(104, 108)",61
"(104, 112)",61
"(103, 99)",61
"(101, 99)",61
"(104, 98)",61
"(101, 110)",61
"(102, 108)",60
"(98, 101)",60
"(106, 110)",60
"(99, 103)",60
"(107, 110)",60
"(94, 98)",59
"(93, 101)",59
"(106, 104)",59
"(98, 107)",59
"(98, 111)",59
"(107, 109)",59
"(95, 101)",59
"(104, 109)",59
"(107, 113)",59
"(102, 104)",59
"(91, 100)",59
"(105, 109)",58
"(87, 97)",58
"(88, 95)",58
"(106, 102)",58
"(102, 111)",58
"(98, 99)",58
"(103, 96)",58
"(90, 99)",58
"(89, 102)",58
"(103, 111)",58
"(89, 101)",57
"(104, 102)",57
"(92, 99)",57
"(98, 93)",57
"(93, 104)",57
"(111, 116)",57
"(103, 113)",57
"(97, 101)",57
"(107, 114)",57
"(107, 102)",57
"(94, 101)",57
"(95, 108)",57
"(96, 100)",57
"(105, 115)",57
"(95, 103)",57
"(94, 96)",57
"(105, 112)",57
"(105, 113)",57
"(99, 94)",56
"(106, 101)",56
"(91, 96)",56
"(107, 111)",56
"(92, 101)",56
"(95, 105)",56
"(106, 103)",56
"(90, 97)",55
"(99, 112)",55
"(98, 108)",55
"(100, 110)",55
"(108, 112)",55
"(91, 97)",55
"(98, 97)",55
"(108, 115)",55
"(102, 98)",55
"(92, 103)",55
"(108, 101)",55
"(105, 103)",54
"(95, 92)",54
"(104, 99)",54
"(91, 101)",54
"(101, 103)",54
"(106, 109)",54
"(91, 98)",54
"(99, 96)",54
"(112, 108)",54
"(86, 96)",54
"(93, 97)",54
"(93, 99)",54
"(105, 96)",54
"(106, 99)",54
"(110, 106)",54
"(102, 112)",54
"(97, 108)",54
"(104, 110)",54
"(97, 91)",53
"(107, 115)",53
"(92, 104)",53
"(102, 100)",53
"(111, 118)",53
"(103, 100)",53
"(110, 108)",53
"(108, 103)",53
"(107, 104)",53
"(109, 102)",52
"(112, 106)",52
"(107, 117)",52
"(102, 99)",52
"(91, 103)",52
"(96, 108)",52
"(105, 97)",52
"(96, 99)",52
"(95, 109)",52
"(108, 102)",52
"(102, 94)",52
"(94, 105)",52
"(93, 95)",52
"(110, 113)",52
"(89, 99)",52
"(90, 101)",51
"(91, 94)",51
"(101, 112)",51
"(101, 96)",51
"(108, 116)",51
"(95, 97)",51
"(100, 112)",51
"(102, 95)",51
"(111, 103)",51
"(86, 99)",51
"(111, 107)",51
"(101, 113)",51
"(102, 97)",51
"(112, 110)",51
"(99, 111)",51
"(92, 95)",51
"(105, 99)",51
"(99, 93)",51
"(105, 95)",51
"(88, 96)",51
"(96, 94)",51
"(106, 105)",51
"(104, 97)",51
"(104, 113)",51
"(108, 111)",50
"(103, 95)",50
"(104, 95)",50
"(107, 101)",50
"(103, 94)",50
"(106, 100)",50
"(101, 94)",50
"(106, 98)",50
"(108, 104)",50
"(97, 95)",50
"(102, 103)",50
"(101, 111)",50
"(92, 102)",50
"(87, 95)",50
"(92, 98)",50
"(95, 106)",50
"(94, 106)",50
"(107, 105)",50
"(107, 112)",50
"(100, 94)",50
"(102, 101)",50
"(86, 95)",49
"(109, 111)",49
"(110, 102)",49
"(96, 112)",49
"(105, 102)",49
"(111, 104)",49
"(111, 105)",49
"(107, 98)",49
"(109, 100)",49
"(112, 115)",49
"(104, 103)",49
"(109, 103)",49
"(92, 90)",49
"(100, 99)",49
"(93, 94)",49
"(109, 113)",48
"(107, 103)",48
"(108, 100)",48
"(101, 102)",48
"(101, 97)",48
"(108, 114)",48
"(93, 96)",48
"(109, 106)",48
"(93, 103)",48
"(100, 113)",48
"(113, 117)",48
"(103, 114)",48
"(99, 97)",48
"(99, 95)",48
"(90, 100)",48
"(106, 116)",48
"(111, 117)",48
"(91, 95)",47
"(108, 106)",47
"(114, 112)",47
"(91, 102)",47
"(109, 118)",47
"(113, 107)",47
"(101, 95)",47
"(87, 96)",47
"(94, 107)",47
"(93, 89)",47
"(110, 118)",47
"(105, 101)",47
"(111, 106)",47
"(105, 98)",47
"(113, 109)",47
"(97, 93)",46
"(102, 114)",46
"(97, 109)",46
"(108, 119)",46
"(98, 91)",46
"(106, 108)",46
"(92, 109)",46
"(90, 102)",46
"(102, 115)",46
"(109, 104)",46
"(104, 117)",46
"(105, 106)",46
"(94, 109)",45
"(102, 113)",45
"(104, 115)",45
"(112, 117)",45
"(85, 96)",45
"(108, 109)",45
"(89, 94)",45
"(105, 116)",45
"(95, 98)",45
"(89, 103)",45
"(111, 115)",45
"(95, 90)",45
"(90, 98)",45
"(110, 103)",45
"(96, 91)",45
"(108, 97)",45
"(101, 98)",45
"(94, 92)",45
"(98, 96)",45
"(114, 106)",45
"(110, 107)",45
"(104, 116)",45
"(89, 95)",44
"(103, 92)",44
"(105, 114)",44
"(104, 114)",44
"(107, 99)",44
"(110, 115)",44
"(90, 105)",44
"(115, 107)",44
"(94, 90)",44
"(98, 110)",44
"(112, 109)",44
"(93, 108)",44
"(110, 116)",44
"(101, 114)",44
"(113, 111)",44
"(109, 112)",44
"(109, 99)",44
"(114, 119)",44
"(94, 95)",44
"(98, 95)",44
"(86, 100)",43
"(93, 105)",43
"(89, 98)",43
"(103, 104)",43
"(85, 93)",43
"(108, 110)",43
"(114, 107)",43
"(90, 93)",43
"(109, 116)",43
"(109, 105)",43
"(88, 101)",43
"(112, 116)",43
"(95, 110)",43
"(96, 95)",43
"(90, 104)",43
"(102, 93)",43
"(99, 98)",42
"(113, 106)",42
"(99, 92)",42
"(100, 97)",42
"(91, 105)",42
"(100, 95)",42
"(107, 119)",42
"(107, 100)",42
"(97, 98)",42
"(99, 100)",42
"(97, 111)",42
"(110, 112)",42
"(95, 93)",42
"(90, 103)",42
"(109, 119)",42
"(88, 99)",42
"(115, 120)",42
"(117, 109)",42
"(103, 98)",42
"(91, 93)",42
"(104, 118)",42
"(110, 114)",42
"(96, 110)",42
"(100, 115)",42
"(106, 97)",42
"(111, 109)",42
"(114, 110)",41
"(113, 120)",41
"(113, 108)",41
"(104, 100)",41
"(85, 94)",41
"(114, 111)",41
"(109, 98)",41
"(107, 97)",41
"(92, 96)",41
"(87, 94)",41
"(100, 111)",41
"(101, 91)",41
"(99, 115)",41
"(112, 107)",41
"(107, 106)",41
"(91, 106)",41
"(108, 99)",41
"(110, 121)",40
"(98, 92)",40
"(97, 92)",40
"(88, 97)",40
"(108, 105)",40
"(93, 106)",40
"(110, 105)",40
"(102, 92)",40
"(103, 97)",40
"(91, 92)",40
"(103, 93)",40
"(109, 101)",40
"(106, 107)",40
"(112, 103)",40
"(99, 90)",40
"(107, 108)",40
"(112, 104)",40
"(100, 101)",40
"(99, 91)",40
"(88, 92)",40
"(98, 113)",40
"(109, 107)",39
"(86, 93)",39
"(108, 118)",39
"(96, 111)",39
"(117, 110)",39
"(102, 91)",39
"(106, 120)",39
"(95, 89)",39
"(112, 105)",39
"(88, 104)",39
"(111, 119)",39
"(111, 110)",39
"(97, 96)",39
"(101, 92)",39
"(86, 98)",39
"(92, 105)",39
"(107, 96)",39
"(111, 113)",39
"(88, 98)",39
"(90, 96)",39
"(111, 114)",39
"(103, 116)",38
"(89, 93)",38
"(94, 110)",38
"(95, 88)",38
"(90, 92)",38
"(97, 112)",38
"(101, 93)",38
"(94, 97)",38
"(103, 117)",38
"(97, 110)",38
"(89, 104)",38
"(100, 92)",38
"(92, 106)",38
"(96, 93)",38
"(96, 92)",38
"(105, 117)",38
"(111, 108)",38
"(108, 113)",38
"(108, 117)",38
"(114, 121)",38
"(107, 116)",38
"(112, 121)",38
"(114, 108)",38
"(114, 105)",38
"(111, 112)",38
"(115, 119)",38
"(106, 96)",38
"(105, 118)",38
"(96, 115)",37
"(112, 120)",37
"(96, 97)",37
"(100, 118)",37
"(88, 94)",37
"(96, 113)",37
"(87, 89)",37
"(96, 109)",37
"(93, 110)",37
"(111, 100)",37
"(87, 93)",37
"(110, 117)",37
"(83, 93)",37
"(89, 100)",37
"(113, 103)",37
"(83, 95)",37
"(89, 97)",37
"(115, 111)",37
"(116, 111)",37
"(98, 94)",37
"(95, 94)",36
"(109, 108)",36
"(111, 120)",36
"(94, 108)",36
"(88, 90)",36
"(116, 109)",36
"(92, 94)",36
"(87, 102)",36
"(101, 118)",36
"(90, 94)",36
"(91, 104)",36
"(102, 119)",36
"(114, 109)",36
"(113, 100)",36
"(97, 94)",36
"(88, 100)",36
"(93, 107)",36
"(113, 119)",36
"(105, 92)",36
"(106, 117)",36
"(112, 111)",36
"(112, 102)",36
"(118, 110)",35
"(110, 104)",35
"(110, 100)",35
"(105, 104)",35
"(93, 92)",35
"(103, 102)",35
"(113, 105)",35
"(95, 96)",35
"(103, 91)",35
"(90, 88)",35
"(91, 107)",35
"(95, 107)",35
"(98, 114)",35
"(113, 115)",35
"(116, 108)",35
"(106, 118)",35
"(90, 95)",35
"(86, 88)",35
"(87, 98)",35
"(87, 99)",35
"(89, 105)",35
"(100, 91)",35
"(87, 92)",35
"(94, 88)",35
"(94, 89)",35
"(88, 91)",35
"(110, 119)",35
"(112, 118)",35
"(86, 97)",35
"(96, 89)",35
"(92, 87)",35
"(82, 94)",34
"(97, 88)",34
"(116, 110)",34
"(115, 122)",34
"(111, 102)",34
"(113, 102)",34
"(95, 112)",34
"(109, 117)",34
"(98, 87)",34
"(86, 102)",34
"(92, 88)",34
"(114, 122)",34
"(110, 101)",34
"(92, 107)",34
"(88, 93)",34
"(116, 122)",34
"(93, 90)",34
"(108, 94)",34
"(94, 86)",34
"(94, 91)",34
"(85, 101)",34
"(108, 98)",34
"(104, 105)",34
"(102, 118)",34
"(95, 111)",33
"(117, 115)",33
"(89, 92)",33
"(87, 104)",33
"(103, 118)",33
"(92, 108)",33
"(99, 113)",33
"(107, 118)",33
"(96, 87)",33
"(99, 116)",33
"(106, 94)",33
"(87, 100)",33
"(115, 108)",33
"(93, 109)",33
"(101, 100)",33
"(104, 119)",33
"(116, 120)",33
"(113, 104)",33
"(85, 90)",33
"(95, 86)",33
"(114, 120)",33
"(113, 118)",33
"(113, 116)",33
"(109, 120)",33
"(91, 108)",33
"(104, 94)",33
"(104, 93)",33
"(115, 113)",33
"(93, 91)",33
"(86, 94)",32
"(115, 123)",32
"(84, 98)",32
"(97, 89)",32
"(92, 86)",32
"(101, 90)",32
"(105, 122)",32
"(106, 95)",32
"(97, 113)",32
"(83, 96)",32
"(96, 88)",32
"(112, 100)",32
"(94, 111)",32
"(105, 120)",32
"(111, 101)",32
"(87, 103)",32
"(102, 116)",32
"(103, 115)",32
"(89, 91)",32
"(100, 114)",32
"(92, 89)",32
"(115, 117)",32
"(86, 90)",32
"(94, 112)",32
"(92, 111)",32
"(112, 119)",32
"(90, 106)",32
"(85, 98)",32
"(110, 109)",32
"(99, 114)",32
"(101, 120)",32
"(108, 107)",32
"(91, 88)",32
"(105, 94)",32
"(98, 112)",32
"(87, 91)",32
"(91, 109)",32
"(102, 117)",31
"(115, 110)",31
"(112, 114)",31
"(86, 92)",31
"(97, 90)",31
"(115, 105)",31
"(113, 110)",31
"(115, 104)",31
"(85, 92)",31
"(115, 118)",31
"(96, 90)",31
"(101, 116)",31
"(108, 120)",31
"(103, 90)",31
"(84, 93)",31
"(87, 106)",31
"(107, 122)",31
"(109, 94)",31
"(120, 114)",31
"(114, 116)",30
"(114, 117)",30
"(85, 88)",30
"(98, 88)",30
"(112, 122)",30
"(105, 121)",30
"(85, 99)",30
"(84, 94)",30
"(89, 106)",30
"(101, 115)",30
"(88, 103)",30
"(88, 102)",30
"(115, 106)",30
"(95, 85)",30
"(96, 86)",30
"(91, 87)",30
"(109, 121)",30
"(93, 87)",30
"(95, 91)",30
"(117, 106)",30
"(105, 119)",30
"(100, 96)",30
"(116, 113)",30
"(117, 112)",30
"(115, 109)",30
"(89, 90)",29
"(99, 89)",29
"(109, 97)",29
"(89, 87)",29
"(116, 112)",29
"(85, 97)",29
"(113, 112)",29
"(89, 109)",29
"(90, 108)",29
"(98, 115)",29
"(111, 122)",29
"(119, 113)",29
"(97, 114)",29
"(110, 120)",29
"(98, 90)",29
"(93, 114)",29
"(94, 93)",29
"(114, 103)",29
"(112, 113)",29
"(95, 116)",29
"(92, 91)",29
"(116, 118)",29
"(84, 91)",29
"(95, 87)",29
"(113, 122)",29
"(109, 110)",28
"(89, 107)",28
"(98, 117)",28
"(118, 111)",28
"(119, 115)",28
"(81, 92)",28
"(118, 124)",28
"(118, 112)",28
"(94, 113)",28
"(91, 89)",28
"(85, 95)",28
"(106, 119)",28
"(91, 86)",28
"(110, 99)",28
"(94, 87)",28
"(121, 114)",28
"(100, 117)",28
"(117, 108)",28
"(84, 99)",28
"(96, 85)",28
"(117, 113)",28
"(84, 96)",28
"(83, 89)",28
"(117, 119)",28
"(83, 90)",28
"(105, 93)",28
"(117, 120)",28
"(86, 89)",28
"(112, 123)",28
"(116, 115)",28
"(90, 87)",28
"(83, 94)",28
"(118, 107)",28
"(107, 92)",28
"(117, 123)",28
"(86, 109)",27
"(86, 104)",27
"(118, 122)",27
"(86, 107)",27
"(83, 92)",27
"(97, 115)",27
"(91, 110)",27
"(82, 89)",27
"(86, 91)",27
"(83, 97)",27
"(85, 91)",27
"(87, 101)",27
"(119, 112)",27
"(121, 116)",27
"(99, 117)",27
"(87, 90)",27
"(111, 123)",27
"(104, 92)",27
"(103, 120)",27
"(91, 83)",27
"(110, 122)",27
"(110, 111)",27
"(98, 116)",27
"(110, 98)",27
"(101, 117)",27
"(108, 123)",27
"(114, 102)",27
"(90, 89)",27
"(109, 95)",27
"(83, 101)",26
"(109, 123)",26
"(82, 90)",26
"(108, 121)",26
"(96, 116)",26
"(106, 93)",26
"(121, 115)",26
"(120, 116)",26
"(100, 88)",26
"(100, 89)",26
"(110, 96)",26
"(92, 112)",26
"(83, 103)",26
"(84, 102)",26
"(110, 123)",26
"(102, 90)",26
"(116, 107)",26
"(88, 107)",26
"(101, 119)",26
"(107, 95)",26
"(84, 97)",26
"(81, 99)",26
"(82, 87)",26
"(113, 114)",26
"(116, 123)",26
"(89, 84)",26
"(89, 85)",26
"(91, 84)",26
"(119, 111)",26
"(83, 100)",25
"(113, 101)",25
"(111, 97)",25
"(93, 113)",25
"(115, 112)",25
"(119, 124)",25
"(116, 104)",25
"(93, 88)",25
"(106, 121)",25
"(88, 89)",25
"(92, 83)",25
"(104, 123)",25
"(83, 88)",25
"(120, 113)",25
"(101, 89)",25
"(95, 114)",25
"(103, 122)",25
"(93, 111)",25
"(117, 122)",25
"(88, 87)",25
"(118, 113)",25
"(118, 125)",25
"(86, 101)",25
"(88, 85)",25
"(103, 89)",25
"(88, 86)",25
"(92, 110)",25
"(110, 94)",25
"(118, 123)",25
"(80, 89)",25
"(111, 98)",25
"(89, 108)",25
"(90, 110)",25
"(104, 120)",25
"(83, 104)",24
"(116, 103)",24
"(108, 96)",24
"(84, 90)",24
"(122, 117)",24
"(84, 100)",24
"(116, 119)",24
"(84, 92)",24
"(89, 111)",24
"(116, 114)",24
"(94, 116)",24
"(114, 118)",24
"(107, 125)",24
"(114, 113)",24
"(97, 117)",24
"(118, 121)",24
"(96, 114)",24
"(91, 111)",24
"(94, 84)",24
"(112, 124)",24
"(94, 85)",24
"(82, 91)",24
"(97, 85)",24
"(79, 90)",24
"(117, 114)",24
"(87, 88)",24
"(87, 105)",24
"(92, 85)",24
"(99, 88)",24
"(100, 116)",24
"(97, 86)",23
"(90, 85)",23
"(87, 86)",23
"(114, 104)",23
"(119, 122)",23
"(81, 91)",23
"(88, 111)",23
"(117, 111)",23
"(80, 90)",23
"(93, 85)",23
"(117, 105)",23
"(80, 93)",23
"(117, 121)",23
"(120, 121)",23
"(85, 89)",23
"(82, 88)",23
"(116, 121)",23
"(90, 107)",23
"(80, 94)",23
"(115, 101)",23
"(95, 113)",23
"(119, 114)",23
"(103, 121)",23
"(100, 122)",23
"(99, 85)",23
"(114, 123)",23
"(100, 121)",23
"(83, 91)",23
"(100, 119)",23
"(112, 101)",23
"(101, 121)",23
"(114, 115)",23
"(107, 120)",23
"(111, 121)",23
"(99, 87)",23
"(114, 100)",23
"(106, 122)",23
"(84, 86)",22
"(84, 88)",22
"(105, 89)",22
"(116, 124)",22
"(121, 113)",22
"(108, 93)",22
"(94, 82)",22
"(117, 116)",22
"(85, 100)",22
"(93, 86)",22
"(98, 89)",22
"(92, 93)",22
"(118, 120)",22
"(92, 84)",22
"(100, 120)",22
"(111, 99)",22
"(112, 97)",22
"(99, 120)",22
"(118, 126)",22
"(99, 119)",22
"(82, 101)",22
"(82, 97)",22
"(83, 99)",22
"(82, 86)",22
"(120, 115)",22
"(113, 99)",22
"(115, 102)",22
"(90, 109)",22
"(94, 118)",22
"(113, 96)",22
"(78, 85)",22
"(95, 83)",22
"(98, 85)",22
"(85, 103)",21
"(86, 103)",21
"(93, 116)",21
"(85, 104)",21
"(112, 126)",21
"(99, 121)",21
"(117, 118)",21
"(106, 92)",21
"(119, 121)",21
"(88, 105)",21
"(113, 124)",21
"(91, 90)",21
"(108, 95)",21
"(104, 91)",21
"(115, 124)",21
"(115, 125)",21
"(120, 127)",21
"(108, 125)",21
"(109, 125)",21
"(90, 83)",21
"(89, 81)",21
"(116, 105)",21
"(107, 124)",21
"(107, 123)",21
"(84, 95)",21
"(101, 123)",21
"(123, 117)",21
"(103, 119)",21
"(120, 112)",21
"(92, 113)",21
"(120, 108)",21
"(95, 117)",21
"(119, 110)",21
"(86, 105)",21
"(89, 83)",20
"(119, 107)",20
"(119, 109)",20
"(89, 86)",20
"(123, 115)",20
"(89, 88)",20
"(118, 108)",20
"(88, 110)",20
"(91, 113)",20
"(119, 127)",20
"(121, 111)",20
"(87, 108)",20
"(85, 107)",20
"(92, 116)",20
"(118, 114)",20
"(90, 91)",20
"(120, 117)",20
"(120, 122)",20
"(93, 81)",20
"(124, 117)",20
"(123, 116)",20
"(101, 122)",20
"(116, 125)",20
"(101, 87)",20
"(94, 115)",20
"(79, 92)",20
"(116, 117)",20
"(112, 99)",20
"(100, 90)",20
"(100, 87)",20
"(100, 86)",20
"(100, 85)",20
"(95, 115)",20
"(80, 97)",20
"(99, 86)",20
"(98, 119)",20
"(113, 121)",20
"(113, 123)",20
"(81, 96)",20
"(82, 96)",20
"(97, 122)",20
"(114, 128)",20
"(97, 87)",20
"(111, 93)",20
"(100, 124)",20
"(96, 121)",20
"(117, 104)",20
"(102, 89)",20
"(93, 115)",20
"(106, 91)",20
"(122, 112)",20
"(117, 107)",20
"(109, 96)",20
"(109, 93)",20
"(104, 121)",20
"(104, 122)",20
"(116, 127)",20
"(107, 126)",20
"(88, 109)",19
"(86, 110)",19
"(91, 85)",19
"(81, 94)",19
"(81, 87)",19
"(114, 101)",19
"(113, 126)",19
"(88, 106)",19
"(115, 103)",19
"(105, 90)",19
"(121, 112)",19
"(98, 120)",19
"(102, 88)",19
"(123, 111)",19
"(90, 115)",19
"(119, 117)",19
"(80, 96)",19
"(108, 122)",19
"(87, 85)",19
"(88, 83)",19
"(121, 125)",19
"(102, 120)",19
"(82, 85)",19
"(109, 122)",19
"(89, 110)",19
"(90, 86)",19
"(120, 109)",19
"(110, 97)",19
"(87, 80)",19
"(117, 125)",19
"(85, 105)",19
"(115, 114)",19
"(117, 127)",19
"(82, 100)",19
"(82, 99)",19
"(115, 116)",19
"(96, 117)",19
"(116, 106)",19
"(82, 93)",19
"(93, 84)",19
"(84, 104)",19
"(118, 115)",19
"(83, 86)",19
"(126, 121)",19
"(92, 117)",19
"(118, 117)",19
"(115, 129)",19
"(117, 124)",19
"(86, 87)",19
"(109, 126)",18
"(106, 125)",18
"(126, 117)",18
"(84, 89)",18
"(125, 120)",18
"(95, 120)",18
"(96, 84)",18
"(123, 119)",18
"(110, 92)",18
"(112, 96)",18
"(119, 125)",18
"(119, 126)",18
"(112, 95)",18
"(79, 95)",18
"(95, 84)",18
"(110, 95)",18
"(87, 107)",18
"(111, 96)",18
"(87, 109)",18
"(87, 110)",18
"(120, 105)",18
"(85, 84)",18
"(116, 126)",18
"(120, 110)",18
"(117, 126)",18
"(122, 111)",18
"(109, 91)",18
"(113, 125)",18
"(105, 123)",18
"(97, 119)",18
"(81, 89)",18
"(82, 102)",18
"(104, 87)",18
"(86, 108)",18
"(107, 93)",18
"(114, 97)",18
"(115, 100)",18
"(86, 84)",18
"(106, 126)",18
"(93, 117)",18
"(98, 118)",18
"(118, 116)",18
"(84, 105)",18
"(91, 114)",18
"(124, 115)",18
"(124, 116)",18
"(121, 118)",18
"(96, 123)",18
"(107, 94)",18
"(103, 124)",17
"(104, 88)",17
"(129, 121)",17
"(102, 87)",17
"(90, 82)",17
"(88, 108)",17
"(110, 91)",17
"(122, 114)",17
"(109, 129)",17
"(126, 115)",17
"(122, 107)",17
"(106, 90)",17
"(121, 105)",17
"(103, 87)",17
"(88, 79)",17
"(123, 120)",17
"(108, 124)",17
"(122, 113)",17
"(96, 119)",17
"(88, 112)",17
"(90, 111)",17
"(121, 119)",17
"(91, 116)",17
"(122, 115)",17
"(91, 81)",17
"(91, 112)",17
"(82, 103)",17
"(86, 83)",17
"(105, 124)",17
"(114, 96)",17
"(81, 93)",17
"(98, 81)",17
"(97, 116)",17
"(115, 99)",17
"(96, 118)",17
"(124, 120)",17
"(90, 113)",17
"(105, 91)",17
"(113, 97)",17
"(83, 98)",17
"(110, 125)",17
"(88, 114)",17
"(118, 109)",17
"(79, 94)",17
"(79, 101)",17
"(104, 124)",17
"(111, 127)",17
"(112, 128)",17
"(106, 123)",17
"(116, 102)",17
"(80, 83)",17
"(116, 100)",17
"(116, 98)",17
"(111, 128)",17
"(105, 87)",16
"(89, 82)",16
"(122, 116)",16
"(123, 114)",16
"(121, 117)",16
"(122, 110)",16
"(118, 106)",16
"(93, 83)",16
"(93, 112)",16
"(97, 83)",16
"(97, 118)",16
"(118, 127)",16
"(114, 99)",16
"(119, 116)",16
"(98, 121)",16
"(123, 110)",16
"(91, 117)",16
"(112, 127)",16
"(99, 118)",16
"(116, 101)",16
"(111, 125)",16
"(94, 117)",16
"(120, 107)",16
"(110, 128)",16
"(110, 124)",16
"(118, 105)",16
"(118, 102)",16
"(122, 128)",16
"(118, 98)",16
"(117, 101)",16
"(117, 129)",16
"(117, 102)",16
"(122, 106)",16
"(102, 121)",16
"(102, 122)",16
"(120, 123)",16
"(122, 127)",16
"(121, 107)",16
"(112, 125)",16
"(121, 122)",16
"(124, 121)",16
"(85, 87)",16
"(124, 113)",16
"(88, 81)",16
"(76, 89)",16
"(84, 85)",16
"(81, 84)",16
"(86, 85)",16
"(80, 92)",16
"(85, 82)",16
"(81, 88)",16
"(85, 83)",16
"(79, 96)",16
"(79, 91)",16
"(86, 113)",16
"(78, 89)",16
"(87, 84)",16
"(76, 92)",16
"(80, 84)",16
"(82, 92)",16
"(87, 111)",16
"(78, 90)",16
"(78, 91)",16
"(84, 106)",16
"(120, 128)",15
"(99, 83)",15
"(84, 82)",15
"(79, 89)",15
"(79, 88)",15
"(86, 81)",15
"(84, 81)",15
"(108, 92)",15
"(123, 112)",15
"(116, 95)",15
"(82, 95)",15
"(108, 91)",15
"(117, 100)",15
"(80, 98)",15
"(80, 87)",15
"(83, 107)",15
"(95, 118)",15
"(109, 124)",15
"(114, 98)",15
"(114, 126)",15
"(119, 123)",15
"(87, 83)",15
"(77, 86)",15
"(79, 98)",15
"(113, 94)",15
"(80, 88)",15
"(80, 91)",15
"(77, 89)",15
"(125, 122)",15
"(119, 105)",15
"(115, 121)",15
"(77, 92)",15
"(90, 84)",15
"(119, 106)",15
"(110, 126)",15
"(84, 87)",15
"(102, 124)",15
"(111, 95)",15
"(122, 118)",15
"(112, 92)",15
"(74, 89)",15
"(103, 88)",15
"(92, 82)",15
"(107, 90)",15
"(118, 104)",15
"(81, 97)",15
"(107, 127)",15
"(81, 98)",15
"(81, 101)",15
"(85, 102)",15
"(85, 106)",15
"(102, 84)",15
"(124, 129)",15
"(111, 126)",15
"(127, 125)",15
"(118, 128)",15
"(107, 91)",15
"(106, 89)",15
"(84, 101)",15
"(89, 115)",15
"(101, 86)",15
"(94, 81)",15
"(84, 103)",15
"(103, 84)",15
"(79, 83)",15
"(125, 115)",15
"(94, 83)",15
"(83, 106)",14
"(83, 105)",14
"(92, 114)",14
"(106, 124)",14
"(95, 82)",14
"(109, 92)",14
"(102, 85)",14
"(83, 85)",14
"(91, 80)",14
"(93, 80)",14
"(116, 99)",14
"(107, 121)",14
"(102, 123)",14
"(86, 106)",14
"(119, 103)",14
"(94, 120)",14
"(79, 84)",14
"(101, 126)",14
"(92, 80)",14
"(86, 80)",14
"(79, 87)",14
"(119, 108)",14
"(77, 90)",14
"(91, 115)",14
"(122, 129)",14
"(85, 77)",14
"(123, 105)",14
"(77, 88)",14
"(75, 92)",14
"(105, 126)",14
"(78, 88)",14
"(83, 84)",14
"(87, 81)",14
"(125, 129)",14
"(81, 85)",14
"(81, 83)",14
"(96, 83)",14
"(76, 88)",14
"(88, 84)",14
"(123, 126)",14
"(90, 81)",14
"(113, 92)",14
"(123, 121)",14
"(121, 126)",14
"(120, 119)",14
"(82, 106)",14
"(89, 112)",14
"(120, 124)",14
"(82, 98)",14
"(120, 129)",14
"(89, 114)",14
"(89, 117)",14
"(113, 129)",14
"(87, 115)",14
"(121, 127)",14
"(122, 126)",14
"(83, 81)",14
"(127, 117)",14
"(98, 86)",14
"(76, 96)",14
"(123, 113)",14
"(125, 117)",13
"(111, 92)",13
"(111, 91)",13
"(78, 93)",13
"(78, 92)",13
"(116, 128)",13
"(94, 79)",13
"(111, 130)",13
"(97, 84)",13
"(112, 98)",13
"(85, 110)",13
"(98, 83)",13
"(111, 124)",13
"(106, 88)",13
"(121, 120)",13
"(125, 119)",13
"(117, 130)",13
"(81, 86)",13
"(117, 128)",13
"(104, 125)",13
"(97, 121)",13
"(122, 108)",13
"(97, 120)",13
"(107, 89)",13
"(122, 124)",13
"(98, 122)",13
"(98, 84)",13
"(102, 86)",13
"(126, 118)",13
"(117, 103)",13
"(88, 82)",13
"(127, 120)",13
"(93, 119)",13
"(93, 121)",13
"(127, 121)",13
"(112, 91)",13
"(118, 119)",13
"(112, 129)",13
"(105, 128)",13
"(115, 98)",13
"(125, 121)",13
"(99, 126)",13
"(113, 98)",13
"(119, 118)",13
"(105, 125)",13
"(115, 126)",13
"(77, 93)",13
"(79, 93)",13
"(123, 128)",13
"(80, 99)",13
"(100, 84)",13
"(95, 122)",13
"(95, 119)",13
"(79, 99)",13
"(91, 82)",13
"(83, 108)",13
"(104, 89)",13
"(120, 118)",13
"(104, 90)",13
"(90, 114)",13
"(99, 122)",13
"(83, 102)",13
"(114, 131)",13
"(108, 88)",13
"(83, 87)",13
"(110, 127)",13
"(114, 90)",13
"(81, 100)",12
"(126, 124)",12
"(111, 131)",12
"(114, 125)",12
"(108, 130)",12
"(114, 124)",12
"(114, 94)",12
"(106, 127)",12
"(83, 74)",12
"(78, 87)",12
"(109, 128)",12
"(81, 90)",12
"(128, 124)",12
"(97, 125)",12
"(80, 103)",12
"(110, 93)",12
"(82, 84)",12
"(125, 118)",12
"(94, 114)",12
"(99, 84)",12
"(115, 130)",12
"(116, 130)",12
"(82, 111)",12
"(79, 86)",12
"(80, 102)",12
"(102, 83)",12
"(125, 113)",12
"(111, 94)",12
"(80, 95)",12
"(93, 118)",12
"(121, 123)",12
"(96, 80)",12
"(126, 112)",12
"(108, 126)",12
"(108, 128)",12
"(113, 127)",12
"(104, 128)",12
"(123, 109)",12
"(124, 119)",12
"(86, 118)",12
"(119, 104)",12
"(123, 129)",12
"(119, 120)",12
"(103, 123)",12
"(127, 129)",12
"(119, 128)",12
"(119, 129)",12
"(103, 125)",12
"(103, 128)",12
"(105, 129)",12
"(105, 127)",12
"(90, 117)",12
"(118, 103)",12
"(87, 113)",12
"(87, 114)",12
"(122, 125)",12
"(120, 106)",12
"(120, 126)",12
"(121, 130)",12
"(121, 124)",12
"(124, 114)",12
"(122, 120)",12
"(121, 109)",12
"(89, 77)",12
"(121, 110)",12
"(124, 108)",12
"(81, 102)",12
"(92, 115)",12
"(109, 130)",11
"(108, 129)",11
"(124, 122)",11
"(79, 97)",11
"(125, 116)",11
"(124, 112)",11
"(79, 103)",11
"(108, 127)",11
"(109, 90)",11
"(115, 128)",11
"(119, 130)",11
"(97, 81)",11
"(97, 79)",11
"(89, 113)",11
"(122, 101)",11
"(98, 123)",11
"(90, 79)",11
"(125, 111)",11
"(103, 129)",11
"(125, 110)",11
"(112, 90)",11
"(88, 80)",11
"(84, 83)",11
"(119, 101)",11
"(84, 80)",11
"(84, 79)",11
"(108, 89)",11
"(108, 90)",11
"(116, 96)",11
"(122, 130)",11
"(112, 94)",11
"(100, 125)",11
"(85, 112)",11
"(86, 111)",11
"(86, 112)",11
"(78, 83)",11
"(121, 128)",11
"(84, 107)",11
"(78, 99)",11
"(113, 131)",11
"(113, 130)",11
"(87, 82)",11
"(113, 128)",11
"(78, 95)",11
"(78, 86)",11
"(120, 103)",11
"(125, 128)",11
"(82, 108)",11
"(80, 104)",11
"(120, 111)",11
"(80, 100)",11
"(113, 93)",11
"(104, 86)",11
"(90, 80)",11
"(87, 79)",11
"(128, 123)",11
"(113, 132)",11
"(95, 121)",11
"(110, 132)",11
"(110, 130)",11
"(117, 133)",11
"(87, 74)",11
"(90, 112)",11
"(124, 109)",11
"(120, 100)",11
"(80, 82)",11
"(110, 90)",11
"(99, 125)",11
"(120, 133)",11
"(96, 122)",11
"(120, 101)",11
"(105, 88)",11
"(124, 107)",11
"(125, 114)",11
"(93, 82)",11
"(94, 80)",11
"(121, 108)",11
"(101, 88)",11
"(93, 120)",11
"(126, 119)",11
"(81, 108)",11
"(121, 106)",11
"(88, 117)",11
"(74, 92)",11
"(123, 118)",11
"(75, 94)",11
"(117, 96)",11
"(118, 131)",11
"(127, 122)",11
"(97, 124)",11
"(89, 78)",11
"(75, 86)",11
"(123, 107)",11
"(128, 122)",11
"(84, 110)",11
"(74, 86)",11
"(102, 128)",11
"(81, 105)",11
"(92, 81)",11
"(83, 109)",10
"(106, 128)",10
"(111, 129)",10
"(85, 79)",10
"(124, 128)",10
"(125, 124)",10
"(126, 133)",10
"(124, 110)",10
"(120, 95)",10
"(120, 97)",10
"(76, 84)",10
"(107, 128)",10
"(84, 109)",10
"(125, 123)",10
"(75, 88)",10
"(78, 94)",10
"(92, 77)",10
"(99, 82)",10
"(78, 102)",10
"(126, 128)",10
"(122, 109)",10
"(102, 126)",10
"(107, 88)",10
"(126, 131)",10
"(122, 103)",10
"(82, 83)",10
"(125, 106)",10
"(85, 109)",10
"(99, 131)",10
"(95, 124)",10
"(89, 79)",10
"(92, 78)",10
"(101, 125)",10
"(89, 80)",10
"(124, 118)",10
"(122, 105)",10
"(100, 79)",10
"(99, 130)",10
"(93, 72)",10
"(113, 90)",10
"(114, 127)",10
"(123, 106)",10
"(123, 131)",10
"(80, 101)",10
"(129, 114)",10
"(121, 100)",10
"(86, 79)",10
"(104, 127)",10
"(77, 99)",10
"(77, 101)",10
"(122, 121)",10
"(127, 124)",10
"(91, 119)",10
"(126, 103)",10
"(126, 123)",10
"(91, 120)",10
"(116, 97)",10
"(108, 87)",10
"(85, 86)",10
"(85, 111)",10
"(84, 114)",10
"(113, 91)",10
"(132, 128)",10
"(103, 83)",10
"(125, 105)",10
"(103, 85)",10
"(116, 136)",10
"(125, 112)",10
"(115, 127)",10
"(129, 130)",10
"(126, 122)",10
"(107, 129)",10
"(109, 89)",10
"(123, 124)",10
"(108, 135)",10
"(114, 130)",10
"(76, 86)",10
"(111, 90)",10
"(77, 85)",10
"(128, 120)",10
"(124, 125)",10
"(79, 105)",10
"(85, 113)",10
"(97, 123)",10
"(127, 131)",10
"(115, 93)",10
"(115, 94)",10
"(121, 98)",10
"(121, 99)",10
"(77, 82)",9
"(82, 105)",9
"(127, 113)",9
"(120, 125)",9
"(90, 77)",9
"(90, 78)",9
"(76, 93)",9
"(80, 112)",9
"(81, 80)",9
"(127, 119)",9
"(96, 120)",9
"(81, 82)",9
"(112, 87)",9
"(112, 93)",9
"(88, 116)",9
"(105, 83)",9
"(130, 126)",9
"(81, 106)",9
"(81, 104)",9
"(76, 101)",9
"(105, 85)",9
"(82, 77)",9
"(82, 79)",9
"(97, 82)",9
"(104, 130)",9
"(97, 78)",9
"(97, 126)",9
"(122, 97)",9
"(98, 124)",9
"(98, 125)",9
"(104, 129)",9
"(81, 95)",9
"(110, 129)",9
"(92, 121)",9
"(89, 116)",9
"(118, 95)",9
"(104, 85)",9
"(124, 106)",9
"(118, 94)",9
"(128, 108)",9
"(77, 98)",9
"(100, 123)",9
"(77, 95)",9
"(94, 123)",9
"(77, 94)",9
"(86, 115)",9
"(93, 79)",9
"(122, 131)",9
"(77, 87)",9
"(124, 123)",9
"(73, 96)",9
"(113, 95)",9
"(91, 79)",9
"(114, 132)",9
"(91, 77)",9
"(114, 129)",9
"(91, 123)",9
"(91, 124)",9
"(103, 86)",9
"(131, 123)",9
"(118, 99)",9
"(118, 100)",9
"(85, 81)",9
"(102, 125)",9
"(102, 80)",9
"(126, 113)",9
"(102, 129)",9
"(124, 131)",9
"(117, 98)",9
"(101, 127)",9
"(78, 103)",9
"(102, 131)",9
"(117, 92)",9
"(107, 130)",9
"(79, 80)",9
"(118, 130)",9
"(118, 133)",9
"(123, 108)",9
"(123, 127)",9
"(129, 118)",9
"(114, 95)",9
"(80, 79)",9
"(87, 76)",9
"(99, 127)",9
"(87, 112)",9
"(80, 85)",9
"(90, 118)",9
"(109, 127)",9
"(95, 128)",9
"(87, 116)",9
"(76, 85)",9
"(80, 86)",9
"(125, 127)",9
"(73, 82)",9
"(83, 115)",9
"(117, 139)",9
"(77, 83)",9
"(85, 108)",9
"(104, 84)",9
"(98, 82)",8
"(79, 85)",8
"(109, 137)",8
"(104, 132)",8
"(76, 102)",8
"(79, 81)",8
"(122, 104)",8
"(75, 89)",8
"(104, 83)",8
"(75, 90)",8
"(74, 94)",8
"(78, 106)",8
"(78, 96)",8
"(110, 88)",8
"(78, 98)",8
"(76, 90)",8
"(75, 91)",8
"(111, 87)",8
"(101, 84)",8
"(101, 82)",8
"(73, 89)",8
"(111, 88)",8
"(73, 91)",8
"(111, 89)",8
"(122, 133)",8
"(124, 111)",8
"(79, 104)",8
"(98, 127)",8
"(103, 130)",8
"(78, 84)",8
"(78, 100)",8
"(98, 128)",8
"(75, 84)",8
"(76, 94)",8
"(99, 129)",8
"(125, 104)",8
"(72, 88)",8
"(77, 102)",8
"(99, 81)",8
"(109, 133)",8
"(108, 85)",8
"(108, 83)",8
"(73, 86)",8
"(75, 95)",8
"(107, 135)",8
"(76, 81)",8
"(112, 130)",8
"(129, 128)",8
"(119, 99)",8
"(91, 118)",8
"(83, 113)",8
"(83, 82)",8
"(83, 79)",8
"(119, 133)",8
"(125, 126)",8
"(121, 134)",8
"(90, 122)",8
"(82, 110)",8
"(90, 120)",8
"(90, 119)",8
"(120, 99)",8
"(87, 117)",8
"(87, 120)",8
"(120, 104)",8
"(123, 125)",8
"(112, 135)",8
"(96, 132)",8
"(112, 131)",8
"(128, 121)",8
"(115, 89)",8
"(89, 119)",8
"(115, 90)",8
"(126, 120)",8
"(129, 124)",8
"(129, 125)",8
"(117, 134)",8
"(129, 122)",8
"(129, 135)",8
"(92, 125)",8
"(92, 120)",8
"(94, 78)",8
"(85, 114)",8
"(116, 94)",8
"(123, 132)",8
"(115, 135)",8
"(92, 79)",8
"(115, 131)",8
"(94, 119)",8
"(94, 121)",8
"(118, 132)",8
"(115, 96)",8
"(121, 129)",8
"(86, 76)",8
"(117, 99)",8
"(121, 102)",8
"(130, 124)",8
"(82, 76)",8
"(81, 103)",8
"(82, 80)",8
"(88, 113)",8
"(103, 81)",7
"(108, 131)",7
"(126, 125)",7
"(131, 116)",7
"(106, 86)",7
"(79, 111)",7
"(119, 96)",7
"(119, 97)",7
"(109, 85)",7
"(125, 107)",7
"(119, 100)",7
"(109, 88)",7
"(95, 78)",7
"(95, 76)",7
"(117, 137)",7
"(106, 85)",7
"(127, 118)",7
"(128, 129)",7
"(78, 82)",7
"(102, 82)",7
"(101, 130)",7
"(122, 132)",7
"(85, 80)",7
"(73, 85)",7
"(93, 78)",7
"(77, 106)",7
"(93, 77)",7
"(76, 103)",7
"(100, 80)",7
"(98, 79)",7
"(117, 132)",7
"(95, 81)",7
"(129, 109)",7
"(75, 98)",7
"(122, 123)",7
"(118, 96)",7
"(97, 127)",7
"(101, 83)",7
"(130, 127)",7
"(94, 76)",7
"(75, 72)",7
"(116, 92)",7
"(76, 99)",7
"(92, 119)",7
"(84, 75)",7
"(84, 76)",7
"(124, 126)",7
"(131, 127)",7
"(104, 131)",7
"(132, 129)",7
"(129, 117)",7
"(116, 129)",7
"(118, 97)",7
"(75, 97)",7
"(126, 127)",7
"(133, 129)",7
"(75, 96)",7
"(129, 110)",7
"(129, 120)",7
"(121, 103)",7
"(81, 79)",7
"(79, 100)",7
"(81, 114)",7
"(81, 113)",7
"(94, 126)",7
"(123, 103)",7
"(81, 110)",7
"(130, 125)",7
"(111, 136)",7
"(101, 85)",7
"(83, 112)",7
"(77, 97)",7
"(104, 126)",7
"(128, 110)",7
"(99, 78)",7
"(88, 76)",7
"(96, 126)",7
"(130, 122)",7
"(82, 81)",7
"(107, 82)",7
"(87, 77)",7
"(76, 79)",7
"(122, 119)",7
"(110, 89)",7
"(82, 107)",7
"(97, 77)",7
"(80, 110)",7
"(90, 116)",7
"(109, 131)",7
"(97, 80)",7
"(124, 133)",7
"(127, 104)",7
"(107, 86)",7
"(72, 97)",7
"(70, 87)",7
"(123, 122)",7
"(121, 131)",7
"(112, 132)",7
"(126, 108)",7
"(98, 132)",7
"(120, 132)",7
"(120, 131)",7
"(120, 130)",7
"(76, 91)",7
"(117, 95)",7
"(77, 80)",7
"(117, 94)",7
"(107, 87)",7
"(72, 91)",7
"(74, 102)",7
"(80, 108)",7
"(123, 133)",7
"(80, 81)",7
"(85, 74)",7
"(80, 77)",7
"(106, 134)",7
"(93, 124)",7
"(77, 91)",7
"(114, 88)",7
"(109, 134)",7
"(106, 130)",7
"(86, 116)",7
"(95, 123)",7
"(83, 73)",7
"(83, 75)",7
"(98, 80)",7
"(83, 77)",7
"(127, 123)",7
"(88, 78)",7
"(119, 131)",7
"(132, 127)",7
"(126, 114)",7
"(113, 87)",7
"(103, 127)",7
"(82, 75)",7
"(120, 96)",7
"(74, 95)",7
"(82, 78)",7
"(105, 130)",7
"(128, 119)",7
"(96, 82)",7
"(121, 135)",7
"(126, 110)",6
"(129, 116)",6
"(85, 78)",6
"(131, 135)",6
"(89, 76)",6
"(92, 123)",6
"(76, 98)",6
"(93, 76)",6
"(123, 99)",6
"(78, 101)",6
"(106, 132)",6
"(92, 124)",6
"(107, 84)",6
"(88, 122)",6
"(105, 86)",6
"(129, 115)",6
"(88, 118)",6
"(86, 78)",6
"(77, 96)",6
"(86, 82)",6
"(119, 102)",6
"(86, 119)",6
"(123, 130)",6
"(91, 78)",6
"(77, 84)",6
"(127, 130)",6
"(119, 132)",6
"(105, 131)",6
"(87, 72)",6
"(90, 121)",6
"(75, 114)",6
"(88, 77)",6
"(105, 80)",6
"(76, 87)",6
"(127, 105)",6
"(88, 75)",6
"(127, 106)",6
"(127, 112)",6
"(121, 101)",6
"(121, 95)",6
"(86, 77)",6
"(77, 104)",6
"(78, 80)",6
"(75, 101)",6
"(78, 79)",6
"(85, 118)",6
"(118, 92)",6
"(121, 104)",6
"(124, 104)",6
"(75, 82)",6
"(118, 93)",6
"(86, 74)",6
"(102, 132)",6
"(102, 133)",6
"(118, 129)",6
"(129, 112)",6
"(75, 93)",6
"(129, 111)",6
"(103, 82)",6
"(89, 121)",6
"(91, 127)",6
"(106, 84)",6
"(91, 121)",6
"(106, 83)",6
"(106, 82)",6
"(75, 100)",6
"(77, 109)",6
"(119, 98)",6
"(71, 88)",6
"(101, 128)",6
"(128, 97)",6
"(96, 81)",6
"(96, 77)",6
"(133, 124)",6
"(130, 107)",6
"(114, 91)",6
"(95, 125)",6
"(114, 93)",6
"(83, 80)",6
"(69, 90)",6
"(125, 132)",6
"(125, 134)",6
"(100, 82)",6
"(100, 83)",6
"(73, 92)",6
"(95, 79)",6
"(100, 127)",6
"(124, 97)",6
"(109, 84)",6
"(73, 94)",6
"(131, 112)",6
"(114, 133)",6
"(114, 134)",6
"(79, 110)",6
"(114, 135)",6
"(128, 135)",6
"(115, 86)",6
"(115, 88)",6
"(115, 91)",6
"(94, 124)",6
"(94, 122)",6
"(82, 120)",6
"(130, 116)",6
"(82, 112)",6
"(80, 106)",6
"(71, 85)",6
"(71, 82)",6
"(71, 80)",6
"(111, 132)",6
"(111, 134)",6
"(112, 89)",6
"(128, 116)",6
"(128, 114)",6
"(128, 113)",6
"(130, 135)",6
"(97, 75)",6
"(70, 89)",6
"(128, 125)",6
"(98, 126)",6
"(133, 118)",6
"(110, 133)",6
"(112, 133)",6
"(72, 74)",6
"(127, 128)",6
"(96, 128)",6
"(72, 99)",6
"(72, 102)",6
"(96, 127)",6
"(99, 79)",6
"(130, 120)",6
"(82, 104)",6
"(128, 111)",6
"(80, 114)",6
"(110, 85)",6
"(115, 133)",6
"(100, 81)",6
"(93, 127)",6
"(129, 127)",6
"(74, 77)",6
"(129, 140)",6
"(84, 74)",6
"(84, 117)",6
"(74, 93)",6
"(84, 78)",6
"(84, 108)",6
"(108, 84)",6
"(79, 82)",6
"(101, 80)",6
"(84, 113)",6
"(74, 90)",6
"(101, 78)",6
"(126, 102)",6
"(124, 101)",6
"(74, 98)",6
"(74, 84)",6
"(117, 93)",6
"(100, 128)",6
"(128, 105)",6
"(129, 131)",6
"(107, 131)",6
"(101, 124)",6
"(79, 78)",6
"(84, 119)",6
"(73, 98)",6
"(93, 130)",6
"(127, 109)",5
"(129, 132)",5
"(127, 111)",5
"(110, 87)",5
"(127, 110)",5
"(76, 74)",5
"(72, 90)",5
"(127, 108)",5
"(74, 83)",5
"(130, 118)",5
"(74, 82)",5
"(107, 134)",5
"(120, 102)",5
"(72, 82)",5
"(117, 131)",5
"(127, 101)",5
"(75, 87)",5
"(70, 85)",5
"(112, 139)",5
"(125, 99)",5
"(117, 97)",5
"(126, 111)",5
"(111, 133)",5
"(107, 85)",5
"(128, 131)",5
"(111, 141)",5
"(130, 131)",5
"(74, 103)",5
"(71, 94)",5
"(71, 95)",5
"(125, 101)",5
"(71, 77)",5
"(107, 80)",5
"(111, 85)",5
"(105, 84)",5
"(122, 99)",5
"(70, 91)",5
"(110, 135)",5
"(126, 116)",5
"(117, 91)",5
"(74, 91)",5
"(74, 88)",5
"(74, 87)",5
"(110, 83)",5
"(125, 130)",5
"(129, 134)",5
"(74, 76)",5
"(73, 90)",5
"(106, 78)",5
"(125, 141)",5
"(126, 109)",5
"(106, 80)",5
"(118, 89)",5
"(118, 90)",5
"(109, 87)",5
"(74, 78)",5
"(131, 113)",5
"(108, 132)",5
"(75, 77)",5
"(106, 87)",5
"(75, 105)",5
"(121, 137)",5
"(75, 83)",5
"(73, 102)",5
"(73, 95)",5
"(73, 101)",5
"(118, 101)",5
"(115, 92)",5
"(68, 88)",5
"(126, 129)",5
"(126, 130)",5
"(126, 134)",5
"(73, 97)",5
"(67, 81)",5
"(105, 134)",5
"(120, 98)",5
"(130, 109)",5
"(113, 88)",5
"(113, 89)",5
"(116, 140)",5
"(116, 138)",5
"(126, 132)",5
"(116, 135)",5
"(125, 131)",5
"(129, 119)",5
"(130, 114)",5
"(130, 113)",5
"(110, 82)",5
"(130, 110)",5
"(127, 132)",5
"(69, 88)",5
"(131, 106)",5
"(127, 94)",5
"(127, 136)",5
"(127, 138)",5
"(116, 134)",5
"(114, 92)",5
"(131, 120)",5
"(128, 99)",5
"(73, 77)",5
"(73, 83)",5
"(105, 132)",5
"(131, 119)",5
"(105, 82)",5
"(127, 126)",5
"(76, 97)",5
"(94, 125)",5
"(136, 120)",5
"(83, 72)",5
"(96, 79)",5
"(96, 76)",5
"(83, 78)",5
"(83, 110)",5
"(78, 97)",5
"(83, 116)",5
"(78, 74)",5
"(95, 77)",5
"(133, 132)",5
"(133, 135)",5
"(102, 127)",5
"(102, 130)",5
"(132, 117)",5
"(132, 124)",5
"(123, 137)",5
"(103, 77)",5
"(84, 77)",5
"(103, 80)",5
"(84, 112)",5
"(94, 77)",5
"(77, 110)",5
"(94, 74)",5
"(94, 73)",5
"(93, 125)",5
"(77, 105)",5
"(93, 75)",5
"(77, 103)",5
"(77, 100)",5
"(82, 114)",5
"(96, 125)",5
"(103, 133)",5
"(98, 130)",5
"(79, 106)",5
"(100, 77)",5
"(122, 139)",5
"(99, 128)",5
"(99, 124)",5
"(99, 123)",5
"(132, 135)",5
"(132, 133)",5
"(132, 130)",5
"(80, 78)",5
"(80, 107)",5
"(80, 109)",5
"(80, 113)",5
"(133, 102)",5
"(79, 77)",5
"(132, 126)",5
"(79, 76)",5
"(81, 71)",5
"(81, 76)",5
"(98, 78)",5
"(98, 77)",5
"(124, 102)",5
"(133, 111)",5
"(78, 111)",5
"(133, 112)",5
"(124, 103)",5
"(78, 108)",5
"(81, 111)",5
"(78, 104)",5
"(101, 132)",5
"(103, 131)",5
"(100, 126)",5
"(77, 78)",5
"(135, 128)",5
"(89, 75)",5
"(86, 117)",5
"(85, 119)",5
"(86, 114)",5
"(123, 102)",5
"(87, 124)",5
"(90, 75)",5
"(77, 79)",5
"(88, 115)",5
"(92, 74)",5
"(86, 75)",5
"(134, 131)",5
"(91, 125)",5
"(92, 118)",5
"(87, 75)",5
"(92, 122)",5
"(91, 74)",5
"(89, 118)",5
"(87, 118)",5
"(76, 104)",5
"(91, 126)",5
"(98, 75)",4
"(71, 86)",4
"(117, 142)",4
"(71, 93)",4
"(87, 119)",4
"(127, 103)",4
"(81, 78)",4
"(81, 75)",4
"(81, 72)",4
"(135, 115)",4
"(128, 115)",4
"(111, 86)",4
"(90, 76)",4
"(122, 93)",4
"(98, 74)",4
"(90, 129)",4
"(128, 127)",4
"(133, 108)",4
"(82, 73)",4
"(128, 118)",4
"(125, 108)",4
"(129, 99)",4
"(128, 117)",4
"(71, 78)",4
"(81, 116)",4
"(112, 88)",4
"(112, 86)",4
"(112, 84)",4
"(120, 88)",4
"(81, 107)",4
"(130, 128)",4
"(111, 139)",4
"(120, 90)",4
"(97, 131)",4
"(111, 135)",4
"(120, 92)",4
"(87, 73)",4
"(128, 130)",4
"(122, 141)",4
"(128, 112)",4
"(122, 98)",4
"(127, 116)",4
"(131, 107)",4
"(88, 123)",4
"(89, 74)",4
"(99, 132)",4
"(134, 135)",4
"(128, 102)",4
"(73, 76)",4
"(122, 136)",4
"(122, 135)",4
"(132, 140)",4
"(73, 87)",4
"(100, 76)",4
"(134, 137)",4
"(131, 111)",4
"(131, 115)",4
"(108, 133)",4
"(79, 112)",4
"(79, 108)",4
"(79, 107)",4
"(79, 102)",4
"(109, 140)",4
"(80, 74)",4
"(80, 75)",4
"(72, 89)",4
"(122, 100)",4
"(134, 123)",4
"(98, 131)",4
"(112, 136)",4
"(140, 133)",4
"(72, 78)",4
"(72, 79)",4
"(72, 80)",4
"(72, 81)",4
"(99, 73)",4
"(121, 96)",4
"(72, 96)",4
"(99, 74)",4
"(72, 98)",4
"(120, 143)",4
"(80, 111)",4
"(89, 123)",4
"(122, 102)",4
"(80, 105)",4
"(127, 115)",4
"(133, 115)",4
"(82, 113)",4
"(121, 136)",4
"(121, 140)",4
"(84, 115)",4
"(67, 89)",4
"(84, 111)",4
"(126, 135)",4
"(92, 73)",4
"(84, 73)",4
"(123, 104)",4
"(116, 90)",4
"(116, 89)",4
"(118, 134)",4
"(92, 76)",4
"(121, 141)",4
"(115, 137)",4
"(115, 134)",4
"(115, 132)",4
"(118, 136)",4
"(94, 128)",4
"(118, 137)",4
"(129, 113)",4
"(68, 79)",4
"(84, 116)",4
"(135, 134)",4
"(68, 95)",4
"(123, 134)",4
"(92, 131)",4
"(92, 128)",4
"(117, 135)",4
"(92, 126)",4
"(123, 98)",4
"(123, 95)",4
"(85, 117)",4
"(85, 75)",4
"(85, 71)",4
"(126, 107)",4
"(129, 133)",4
"(118, 88)",4
"(126, 106)",4
"(84, 123)",4
"(93, 122)",4
"(93, 123)",4
"(117, 87)",4
"(117, 86)",4
"(129, 126)",4
"(133, 141)",4
"(94, 130)",4
"(94, 132)",4
"(112, 138)",4
"(70, 81)",4
"(113, 134)",4
"(113, 133)",4
"(133, 126)",4
"(69, 94)",4
"(127, 135)",4
"(127, 133)",4
"(127, 99)",4
"(83, 67)",4
"(70, 73)",4
"(70, 83)",4
"(130, 112)",4
"(70, 84)",4
"(82, 116)",4
"(82, 115)",4
"(91, 75)",4
"(130, 115)",4
"(129, 123)",4
"(130, 117)",4
"(96, 129)",4
"(129, 105)",4
"(113, 141)",4
"(128, 133)",4
"(115, 97)",4
"(69, 81)",4
"(115, 95)",4
"(119, 92)",4
"(119, 95)",4
"(133, 130)",4
"(130, 102)",4
"(95, 75)",4
"(125, 138)",4
"(125, 137)",4
"(83, 119)",4
"(100, 131)",4
"(128, 134)",4
"(69, 85)",4
"(83, 117)",4
"(69, 89)",4
"(91, 122)",4
"(83, 111)",4
"(127, 139)",4
"(95, 129)",4
"(114, 87)",4
"(114, 86)",4
"(83, 118)",4
"(96, 130)",4
"(106, 129)",4
"(101, 79)",4
"(78, 81)",4
"(75, 79)",4
"(75, 102)",4
"(106, 137)",4
"(78, 77)",4
"(74, 105)",4
"(75, 81)",4
"(74, 106)",4
"(132, 112)",4
"(79, 74)",4
"(105, 81)",4
"(131, 125)",4
"(105, 79)",4
"(74, 80)",4
"(105, 77)",4
"(78, 107)",4
"(101, 77)",4
"(103, 132)",4
"(100, 134)",4
"(76, 82)",4
"(76, 83)",4
"(102, 78)",4
"(74, 99)",4
"(105, 135)",4
"(101, 74)",4
"(104, 82)",4
"(102, 81)",4
"(131, 121)",4
"(102, 76)",4
"(77, 81)",4
"(124, 105)",4
"(105, 133)",4
"(103, 126)",4
"(105, 75)",4
"(76, 95)",4
"(76, 73)",4
"(75, 107)",4
"(132, 125)",4
"(132, 120)",4
"(74, 81)",4
"(107, 132)",4
"(132, 103)",4
"(128, 106)",4
"(75, 108)",4
"(78, 75)",4
"(104, 136)",4
"(74, 85)",4
"(104, 134)",4
"(101, 81)",4
"(104, 133)",4
"(108, 82)",4
"(102, 135)",4
"(124, 143)",4
"(76, 105)",4
"(75, 85)",4
"(74, 109)",4
"(124, 132)",4
"(78, 116)",4
"(137, 139)",4
"(128, 107)",4
"(101, 129)",4
"(132, 134)",4
"(124, 127)",4
"(76, 108)",4
"(77, 112)",4
"(76, 107)",4
"(74, 97)",4
"(114, 136)",3
"(83, 120)",3
"(95, 69)",3
"(95, 73)",3
"(83, 122)",3
"(83, 121)",3
"(123, 140)",3
"(75, 80)",3
"(114, 138)",3
"(130, 97)",3
"(129, 141)",3
"(132, 116)",3
"(115, 142)",3
"(137, 140)",3
"(115, 138)",3
"(136, 106)",3
"(83, 129)",3
"(94, 127)",3
"(94, 129)",3
"(125, 146)",3
"(68, 90)",3
"(68, 92)",3
"(68, 94)",3
"(78, 66)",3
"(68, 97)",3
"(125, 139)",3
"(133, 134)",3
"(128, 141)",3
"(115, 83)",3
"(128, 137)",3
"(128, 136)",3
"(125, 140)",3
"(73, 106)",3
"(137, 130)",3
"(113, 84)",3
"(96, 75)",3
"(69, 92)",3
"(96, 78)",3
"(136, 114)",3
"(69, 114)",3
"(83, 68)",3
"(107, 73)",3
"(70, 79)",3
"(123, 143)",3
"(107, 78)",3
"(82, 117)",3
"(107, 81)",3
"(107, 83)",3
"(125, 136)",3
"(101, 138)",3
"(130, 119)",3
"(130, 123)",3
"(112, 141)",3
"(112, 140)",3
"(101, 133)",3
"(101, 131)",3
"(96, 133)",3
"(133, 120)",3
"(96, 137)",3
"(128, 126)",3
"(124, 130)",3
"(96, 74)",3
"(102, 75)",3
"(113, 135)",3
"(113, 136)",3
"(125, 135)",3
"(142, 137)",3
"(69, 71)",3
"(138, 142)",3
"(125, 133)",3
"(69, 87)",3
"(78, 76)",3
"(83, 114)",3
"(116, 86)",3
"(136, 113)",3
"(95, 126)",3
"(95, 127)",3
"(114, 89)",3
"(130, 103)",3
"(114, 81)",3
"(114, 80)",3
"(130, 105)",3
"(95, 130)",3
"(128, 132)",3
"(130, 111)",3
"(106, 135)",3
"(106, 136)",3
"(95, 134)",3
"(113, 139)",3
"(113, 137)",3
"(129, 138)",3
"(106, 77)",3
"(116, 88)",3
"(119, 89)",3
"(88, 129)",3
"(120, 94)",3
"(138, 108)",3
"(120, 89)",3
"(77, 66)",3
"(121, 133)",3
"(90, 130)",3
"(129, 100)",3
"(77, 70)",3
"(119, 145)",3
"(119, 139)",3
"(119, 137)",3
"(129, 106)",3
"(87, 71)",3
"(134, 120)",3
"(134, 118)",3
"(135, 118)",3
"(135, 119)",3
"(127, 134)",3
"(104, 81)",3
"(86, 124)",3
"(104, 80)",3
"(86, 122)",3
"(91, 130)",3
"(76, 80)",3
"(119, 94)",3
"(119, 93)",3
"(90, 127)",3
"(90, 123)",3
"(87, 78)",3
"(121, 94)",3
"(134, 141)",3
"(134, 136)",3
"(89, 71)",3
"(88, 126)",3
"(132, 105)",3
"(88, 121)",3
"(88, 74)",3
"(88, 73)",3
"(88, 72)",3
"(121, 97)",3
"(132, 102)",3
"(135, 102)",3
"(134, 132)",3
"(87, 121)",3
"(120, 145)",3
"(89, 124)",3
"(120, 141)",3
"(121, 132)",3
"(120, 135)",3
"(127, 114)",3
"(134, 129)",3
"(134, 128)",3
"(134, 126)",3
"(76, 110)",3
"(90, 72)",3
"(76, 111)",3
"(132, 109)",3
"(118, 138)",3
"(103, 74)",3
"(76, 77)",3
"(84, 124)",3
"(123, 136)",3
"(75, 104)",3
"(75, 103)",3
"(131, 140)",3
"(93, 132)",3
"(77, 107)",3
"(133, 140)",3
"(129, 136)",3
"(121, 138)",3
"(94, 72)",3
"(70, 90)",3
"(116, 133)",3
"(116, 131)",3
"(126, 104)",3
"(106, 81)",3
"(126, 101)",3
"(127, 144)",3
"(127, 147)",3
"(67, 78)",3
"(77, 113)",3
"(126, 89)",3
"(67, 86)",3
"(67, 93)",3
"(103, 78)",3
"(84, 72)",3
"(84, 71)",3
"(66, 86)",3
"(75, 106)",3
"(105, 137)",3
"(138, 131)",3
"(76, 75)",3
"(118, 135)",3
"(123, 101)",3
"(126, 139)",3
"(64, 82)",3
"(138, 121)",3
"(92, 75)",3
"(86, 73)",3
"(86, 72)",3
"(86, 67)",3
"(135, 131)",3
"(135, 132)",3
"(85, 124)",3
"(85, 73)",3
"(85, 121)",3
"(132, 113)",3
"(118, 87)",3
"(85, 115)",3
"(132, 114)",3
"(117, 141)",3
"(132, 115)",3
"(103, 135)",3
"(123, 97)",3
"(93, 70)",3
"(123, 93)",3
"(85, 76)",3
"(70, 88)",3
"(95, 71)",3
"(88, 130)",3
"(81, 74)",3
"(71, 83)",3
"(98, 76)",3
"(71, 87)",3
"(71, 91)",3
"(124, 134)",3
"(125, 103)",3
"(71, 100)",3
"(71, 103)",3
"(98, 73)",3
"(128, 103)",3
"(140, 139)",3
"(128, 100)",3
"(125, 100)",3
"(81, 73)",3
"(100, 135)",3
"(79, 71)",3
"(100, 133)",3
"(71, 81)",3
"(81, 109)",3
"(130, 132)",3
"(74, 101)",3
"(133, 114)",3
"(73, 93)",3
"(80, 71)",3
"(74, 100)",3
"(130, 129)",3
"(97, 129)",3
"(80, 72)",3
"(78, 115)",3
"(97, 130)",3
"(111, 140)",3
"(111, 138)",3
"(100, 75)",3
"(74, 96)",3
"(74, 71)",3
"(122, 134)",3
"(140, 135)",3
"(99, 133)",3
"(79, 75)",3
"(72, 70)",3
"(110, 131)",3
"(131, 129)",3
"(108, 80)",3
"(131, 128)",3
"(131, 117)",3
"(108, 78)",3
"(131, 118)",3
"(72, 104)",3
"(111, 83)",3
"(72, 103)",3
"(125, 96)",3
"(97, 73)",3
"(122, 140)",3
"(72, 83)",3
"(72, 94)",3
"(131, 122)",3
"(110, 78)",3
"(98, 129)",3
"(110, 134)",3
"(131, 104)",3
"(74, 79)",3
"(132, 138)",3
"(109, 135)",3
"(109, 136)",3
"(111, 80)",3
"(130, 136)",3
"(100, 140)",3
"(131, 130)",3
"(109, 142)",3
"(109, 144)",3
"(80, 119)",3
"(110, 140)",3
"(108, 86)",3
"(107, 137)",3
"(110, 137)",3
"(112, 78)",3
"(140, 126)",3
"(137, 120)",3
"(124, 98)",3
"(136, 130)",3
"(137, 116)",3
"(70, 96)",3
"(109, 86)",3
"(100, 129)",3
"(108, 138)",3
"(139, 134)",3
"(81, 112)",3
"(141, 140)",3
"(79, 121)",3
"(131, 109)",3
"(131, 114)",3
"(81, 121)",3
"(82, 74)",3
"(109, 83)",3
"(88, 120)",2
"(124, 94)",2
"(103, 141)",2
"(109, 146)",2
"(79, 109)",2
"(138, 129)",2
"(124, 147)",2
"(135, 129)",2
"(86, 70)",2
"(124, 144)",2
"(65, 69)",2
"(73, 112)",2
"(86, 65)",2
"(132, 131)",2
"(131, 102)",2
"(135, 133)",2
"(110, 75)",2
"(132, 104)",2
"(135, 136)",2
"(100, 132)",2
"(138, 128)",2
"(138, 122)",2
"(64, 96)",2
"(137, 122)",2
"(135, 103)",2
"(132, 136)",2
"(121, 88)",2
"(134, 107)",2
"(128, 143)",2
"(92, 66)",2
"(121, 92)",2
"(92, 68)",2
"(76, 72)",2
"(80, 73)",2
"(127, 140)",2
"(126, 142)",2
"(126, 141)",2
"(126, 140)",2
"(137, 119)",2
"(126, 137)",2
"(109, 139)",2
"(138, 120)",2
"(64, 84)",2
"(64, 85)",2
"(126, 136)",2
"(137, 121)",2
"(88, 124)",2
"(64, 90)",2
"(88, 71)",2
"(85, 126)",2
"(80, 76)",2
"(110, 79)",2
"(65, 95)",2
"(134, 139)",2
"(72, 101)",2
"(88, 128)",2
"(65, 79)",2
"(146, 149)",2
"(72, 100)",2
"(93, 73)",2
"(65, 87)",2
"(99, 75)",2
"(65, 89)",2
"(101, 76)",2
"(105, 136)",2
"(133, 152)",2
"(72, 95)",2
"(135, 141)",2
"(73, 103)",2
"(85, 70)",2
"(85, 69)",2
"(88, 133)",2
"(85, 63)",2
"(135, 144)",2
"(105, 139)",2
"(135, 147)",2
"(66, 78)",2
"(65, 78)",2
"(123, 94)",2
"(118, 91)",2
"(92, 127)",2
"(135, 140)",2
"(103, 140)",2
"(100, 136)",2
"(101, 72)",2
"(75, 112)",2
"(118, 82)",2
"(85, 116)",2
"(108, 81)",2
"(88, 125)",2
"(103, 138)",2
"(75, 109)",2
"(110, 86)",2
"(73, 108)",2
"(132, 106)",2
"(73, 99)",2
"(123, 100)",2
"(117, 138)",2
"(73, 100)",2
"(99, 80)",2
"(117, 136)",2
"(100, 130)",2
"(56, 87)",2
"(99, 77)",2
"(99, 76)",2
"(108, 136)",2
"(118, 145)",2
"(135, 105)",2
"(91, 71)",2
"(109, 80)",2
"(90, 132)",2
"(89, 132)",2
"(89, 129)",2
"(129, 97)",2
"(77, 68)",2
"(89, 128)",2
"(129, 102)",2
"(73, 81)",2
"(73, 80)",2
"(129, 104)",2
"(77, 72)",2
"(134, 130)",2
"(119, 141)",2
"(139, 136)",2
"(76, 109)",2
"(119, 138)",2
"(73, 78)",2
"(89, 125)",2
"(119, 136)",2
"(119, 135)",2
"(120, 134)",2
"(74, 75)",2
"(73, 75)",2
"(124, 150)",2
"(120, 85)",2
"(73, 84)",2
"(100, 71)",2
"(132, 92)",2
"(135, 116)",2
"(128, 109)",2
"(87, 122)",2
"(124, 96)",2
"(80, 69)",2
"(87, 129)",2
"(105, 78)",2
"(61, 79)",2
"(135, 112)",2
"(127, 107)",2
"(76, 115)",2
"(90, 74)",2
"(109, 82)",2
"(90, 73)",2
"(124, 138)",2
"(124, 137)",2
"(137, 112)",2
"(90, 128)",2
"(134, 124)",2
"(134, 125)",2
"(73, 88)",2
"(120, 93)",2
"(138, 112)",2
"(124, 136)",2
"(124, 99)",2
"(91, 72)",2
"(118, 139)",2
"(77, 75)",2
"(129, 90)",2
"(124, 141)",2
"(132, 108)",2
"(91, 128)",2
"(89, 120)",2
"(91, 129)",2
"(72, 108)",2
"(125, 94)",2
"(99, 138)",2
"(99, 134)",2
"(72, 105)",2
"(119, 91)",2
"(129, 107)",2
"(91, 132)",2
"(108, 137)",2
"(134, 114)",2
"(134, 112)",2
"(91, 137)",2
"(134, 111)",2
"(76, 78)",2
"(118, 149)",2
"(127, 102)",2
"(134, 108)",2
"(118, 141)",2
"(118, 140)",2
"(104, 76)",2
"(54, 96)",2
"(86, 120)",2
"(86, 126)",2
"(77, 76)",2
"(139, 138)",2
"(91, 76)",2
"(127, 97)",2
"(139, 140)",2
"(128, 104)",2
"(120, 136)",2
"(135, 121)",2
"(135, 122)",2
"(120, 139)",2
"(86, 133)",2
"(137, 115)",2
"(86, 121)",2
"(66, 80)",2
"(63, 79)",2
"(125, 85)",2
"(86, 125)",2
"(127, 137)",2
"(132, 98)",2
"(108, 140)",2
"(122, 137)",2
"(135, 127)",2
"(148, 146)",2
"(125, 92)",2
"(140, 103)",2
"(97, 70)",2
"(131, 146)",2
"(137, 126)",2
"(98, 72)",2
"(133, 106)",2
"(69, 91)",2
"(139, 107)",2
"(78, 113)",2
"(133, 109)",2
"(78, 112)",2
"(78, 110)",2
"(122, 144)",2
"(102, 79)",2
"(106, 131)",2
"(114, 85)",2
"(106, 133)",2
"(114, 82)",2
"(130, 133)",2
"(114, 75)",2
"(113, 149)",2
"(95, 131)",2
"(95, 132)",2
"(95, 133)",2
"(112, 79)",2
"(113, 138)",2
"(112, 83)",2
"(137, 129)",2
"(112, 85)",2
"(74, 104)",2
"(106, 140)",2
"(123, 88)",2
"(96, 71)",2
"(69, 86)",2
"(69, 84)",2
"(81, 115)",2
"(138, 147)",2
"(122, 85)",2
"(114, 146)",2
"(95, 68)",2
"(114, 142)",2
"(71, 102)",2
"(114, 137)",2
"(133, 128)",2
"(139, 135)",2
"(71, 99)",2
"(95, 74)",2
"(75, 74)",2
"(138, 140)",2
"(95, 80)",2
"(140, 147)",2
"(136, 111)",2
"(71, 96)",2
"(124, 100)",2
"(68, 105)",2
"(79, 68)",2
"(81, 77)",2
"(78, 72)",2
"(78, 123)",2
"(78, 122)",2
"(78, 118)",2
"(69, 74)",2
"(71, 84)",2
"(142, 133)",2
"(69, 79)",2
"(69, 80)",2
"(133, 122)",2
"(81, 117)",2
"(140, 138)",2
"(82, 118)",2
"(107, 79)",2
"(101, 150)",2
"(123, 149)",2
"(113, 86)",2
"(113, 85)",2
"(70, 114)",2
"(113, 83)",2
"(82, 70)",2
"(141, 127)",2
"(101, 137)",2
"(82, 109)",2
"(82, 72)",2
"(133, 121)",2
"(130, 121)",2
"(74, 116)",2
"(141, 134)",2
"(141, 138)",2
"(101, 135)",2
"(112, 137)",2
"(97, 76)",2
"(76, 100)",2
"(112, 134)",2
"(96, 131)",2
"(97, 74)",2
"(70, 97)",2
"(96, 135)",2
"(70, 95)",2
"(70, 86)",2
"(141, 145)",2
"(136, 127)",2
"(82, 119)",2
"(81, 118)",2
"(123, 147)",2
"(69, 93)",2
"(131, 136)",2
"(69, 95)",2
"(102, 71)",2
"(81, 120)",2
"(69, 98)",2
"(69, 99)",2
"(69, 101)",2
"(132, 122)",2
"(131, 133)",2
"(142, 116)",2
"(83, 69)",2
"(136, 134)",2
"(74, 108)",2
"(107, 72)",2
"(70, 72)",2
"(136, 132)",2
"(70, 74)",2
"(70, 75)",2
"(83, 65)",2
"(70, 78)",2
"(71, 75)",2
"(70, 80)",2
"(107, 75)",2
"(125, 109)",2
"(136, 118)",2
"(131, 132)",2
"(107, 77)",2
"(136, 121)",2
"(140, 142)",2
"(133, 139)",2
"(84, 130)",2
"(107, 139)",2
"(77, 108)",2
"(94, 75)",2
"(77, 111)",2
"(126, 105)",2
"(133, 103)",2
"(98, 138)",2
"(66, 95)",2
"(126, 100)",2
"(126, 99)",2
"(126, 98)",2
"(144, 126)",2
"(98, 133)",2
"(126, 96)",2
"(126, 94)",2
"(116, 132)",2
"(126, 93)",2
"(126, 92)",2
"(107, 138)",2
"(127, 151)",2
"(77, 116)",2
"(80, 117)",2
"(67, 94)",2
"(77, 117)",2
"(67, 96)",2
"(103, 79)",2
"(124, 88)",2
"(116, 93)",2
"(103, 76)",2
"(125, 98)",2
"(125, 97)",2
"(103, 73)",2
"(99, 71)",2
"(66, 85)",2
"(72, 92)",2
"(84, 128)",2
"(123, 135)",2
"(105, 144)",2
"(133, 93)",2
"(84, 121)",2
"(84, 120)",2
"(84, 118)",2
"(105, 145)",2
"(131, 145)",2
"(117, 90)",2
"(117, 89)",2
"(72, 87)",2
"(107, 143)",2
"(125, 95)",2
"(133, 144)",2
"(72, 85)",2
"(93, 128)",2
"(131, 124)",2
"(106, 76)",2
"(133, 138)",2
"(123, 90)",2
"(140, 130)",2
"(133, 136)",2
"(94, 70)",2
"(116, 137)",2
"(94, 71)",2
"(116, 91)",2
"(110, 139)",2
"(116, 87)",2
"(128, 96)",2
"(68, 70)",2
"(68, 74)",2
"(128, 94)",2
"(111, 84)",2
"(68, 81)",2
"(80, 123)",2
"(68, 89)",2
"(80, 124)",2
"(136, 143)",2
"(124, 86)",2
"(81, 68)",2
"(79, 72)",2
"(68, 98)",2
"(68, 100)",2
"(67, 109)",2
"(78, 68)",2
"(94, 133)",2
"(94, 134)",2
"(94, 136)",2
"(71, 111)",2
"(138, 136)",2
"(133, 131)",2
"(78, 69)",2
"(115, 87)",2
"(95, 64)",2
"(128, 142)",2
"(140, 136)",2
"(115, 80)",2
"(67, 113)",2
"(143, 125)",2
"(102, 141)",2
"(130, 141)",2
"(121, 142)",2
"(121, 139)",2
"(115, 139)",2
"(122, 94)",2
"(107, 136)",2
"(123, 138)",2
"(115, 136)",2
"(129, 139)",2
"(132, 119)",2
"(84, 60)",2
"(111, 79)",2
"(123, 139)",2
"(130, 147)",2
"(67, 98)",2
"(111, 81)",2
"(136, 145)",2
"(102, 134)",2
"(143, 141)",2
"(116, 79)",2
"(116, 85)",2
"(143, 138)",2
"(122, 96)",2
"(128, 90)",1
"(128, 98)",1
"(127, 156)",1
"(127, 155)",1
"(127, 148)",1
"(128, 140)",1
"(127, 142)",1
"(128, 95)",1
"(128, 92)",1
"(128, 78)",1
"(128, 138)",1
"(53, 74)",1
"(128, 146)",1
"(142, 134)",1
"(142, 127)",1
"(142, 120)",1
"(142, 119)",1
"(142, 118)",1
"(142, 111)",1
"(142, 110)",1
"(142, 106)",1
"(142, 103)",1
"(142, 94)",1
"(141, 154)",1
"(141, 149)",1
"(141, 143)",1
"(141, 142)",1
"(141, 137)",1
"(141, 130)",1
"(141, 129)",1
"(141, 126)",1
"(141, 123)",1
"(141, 122)",1
"(142, 130)",1
"(142, 135)",1
"(138, 143)",1
"(142, 138)",1
"(143, 173)",1
"(143, 162)",1
"(143, 155)",1
"(143, 147)",1
"(143, 142)",1
"(143, 139)",1
"(143, 132)",1
"(143, 120)",1
"(143, 114)",1
"(143, 112)",1
"(143, 103)",1
"(143, 94)",1
"(142, 156)",1
"(142, 148)",1
"(142, 147)",1
"(142, 145)",1
"(142, 143)",1
"(142, 140)",1
"(142, 139)",1
"(141, 121)",1
"(141, 120)",1
"(141, 119)",1
"(141, 118)",1
"(139, 133)",1
"(139, 132)",1
"(139, 131)",1
"(139, 130)",1
"(139, 129)",1
"(139, 128)",1
"(139, 127)",1
"(139, 125)",1
"(139, 121)",1
"(139, 120)",1
"(139, 118)",1
"(139, 117)",1
"(139, 115)",1
"(139, 110)",1
"(139, 109)",1
"(139, 108)",1
"(139, 106)",1
"(139, 105)",1
"(139, 91)",1
"(139, 137)",1
"(139, 142)",1
"(139, 143)",1
"(140, 132)",1
"(141, 117)",1
"(141, 113)",1
"(141, 105)",1
"(140, 149)",1
"(140, 148)",1
"(140, 143)",1
"(140, 137)",1
"(140, 134)",1
"(140, 131)",1
"(139, 149)",1
"(140, 129)",1
"(140, 128)",1
"(140, 125)",1
"(140, 124)",1
"(140, 122)",1
"(140, 119)",1
"(140, 114)",1
"(140, 104)",1
"(144, 97)",1
"(144, 106)",1
"(144, 107)",1
"(148, 129)",1
"(152, 149)",1
"(152, 104)",1
"(152, 95)",1
"(151, 165)",1
"(151, 148)",1
"(151, 145)",1
"(151, 142)",1
"(151, 135)",1
"(151, 106)",1
"(150, 155)",1
"(150, 152)",1
"(150, 132)",1
"(150, 122)",1
"(149, 124)",1
"(149, 104)",1
"(148, 153)",1
"(148, 152)",1
"(148, 143)",1
"(148, 139)",1
"(153, 118)",1
"(153, 148)",1
"(153, 149)",1
"(156, 120)",1
"(168, 161)",1
"(166, 171)",1
"(162, 158)",1
"(161, 157)",1
"(159, 158)",1
"(156, 155)",1
"(156, 147)",1
"(156, 133)",1
"(155, 163)",1
"(153, 151)",1
"(155, 131)",1
"(154, 157)",1
"(154, 155)",1
"(154, 130)",1
"(154, 124)",1
"(154, 105)",1
"(153, 161)",1
"(153, 154)",1
"(148, 136)",1
"(148, 124)",1
"(144, 113)",1
"(148, 119)",1
"(145, 132)",1
"(145, 130)",1
"(145, 129)",1
"(145, 120)",1
"(145, 119)",1
"(145, 115)",1
"(144, 152)",1
"(144, 148)",1
"(144, 145)",1
"(144, 143)",1
"(144, 140)",1
"(144, 139)",1
"(144, 135)",1
"(144, 132)",1
"(144, 130)",1
"(144, 129)",1
"(144, 127)",1
"(144, 124)",1
"(144, 123)",1
"(145, 134)",1
"(145, 142)",1
"(145, 143)",1
"(147, 125)",1
"(148, 104)",1
"(147, 154)",1
"(147, 151)",1
"(147, 150)",1
"(147, 148)",1
"(147, 144)",1
"(147, 141)",1
"(147, 132)",1
"(147, 124)",1
"(145, 150)",1
"(147, 116)",1
"(147, 109)",1
"(146, 143)",1
"(146, 130)",1
"(146, 127)",1
"(146, 123)",1
"(146, 115)",1
"(145, 151)",1
"(138, 154)",1
"(138, 141)",1
"(128, 148)",1
"(132, 137)",1
"(132, 121)",1
"(132, 118)",1
"(132, 111)",1
"(132, 107)",1
"(132, 101)",1
"(132, 100)",1
"(132, 99)",1
"(132, 96)",1
"(132, 93)",1
"(131, 159)",1
"(131, 153)",1
"(131, 151)",1
"(131, 149)",1
"(131, 143)",1
"(131, 142)",1
"(131, 141)",1
"(131, 139)",1
"(131, 138)",1
"(131, 137)",1
"(132, 123)",1
"(132, 141)",1
"(138, 137)",1
"(132, 143)",1
"(133, 148)",1
"(133, 143)",1
"(133, 137)",1
"(133, 125)",1
"(133, 123)",1
"(133, 119)",1
"(133, 117)",1
"(133, 116)",1
"(133, 113)",1
"(133, 105)",1
"(133, 104)",1
"(133, 98)",1
"(133, 92)",1
"(133, 84)",1
"(133, 77)",1
"(132, 154)",1
"(132, 153)",1
"(132, 152)",1
"(132, 151)",1
"(131, 134)",1
"(131, 126)",1
"(131, 110)",1
"(131, 108)",1
"(129, 149)",1
"(129, 148)",1
"(129, 146)",1
"(129, 145)",1
"(129, 144)",1
"(129, 143)",1
"(129, 137)",1
"(129, 108)",1
"(129, 103)",1
"(129, 96)",1
"(129, 95)",1
"(129, 94)",1
"(129, 93)",1
"(129, 92)",1
"(129, 88)",1
"(129, 81)",1
"(128, 160)",1
"(128, 157)",1
"(128, 153)",1
"(129, 151)",1
"(129, 155)",1
"(130, 86)",1
"(130, 142)",1
"(131, 103)",1
"(131, 101)",1
"(131, 99)",1
"(131, 97)",1
"(131, 91)",1
"(130, 148)",1
"(130, 146)",1
"(130, 143)",1
"(130, 139)",1
"(130, 92)",1
"(130, 138)",1
"(130, 137)",1
"(130, 134)",1
"(130, 108)",1
"(130, 106)",1
"(130, 104)",1
"(130, 101)",1
"(130, 99)",1
"(133, 153)",1
"(133, 154)",1
"(133, 161)",1
"(136, 117)",1
"(137, 114)",1
"(137, 111)",1
"(137, 110)",1
"(137, 108)",1
"(137, 107)",1
"(137, 100)",1
"(137, 91)",1
"(136, 151)",1
"(136, 148)",1
"(136, 146)",1
"(136, 141)",1
"(136, 140)",1
"(136, 137)",1
"(136, 135)",1
"(136, 133)",1
"(136, 131)",1
"(136, 125)",1
"(136, 123)",1
"(136, 122)",1
"(137, 123)",1
"(137, 125)",1
"(137, 127)",1
"(138, 98)",1
"(138, 134)",1
"(138, 133)",1
"(138, 132)",1
"(138, 130)",1
"(138, 123)",1
"(138, 117)",1
"(138, 113)",1
"(138, 100)",1
"(138, 96)",1
"(137, 128)",1
"(138, 91)",1
"(137, 144)",1
"(137, 143)",1
"(137, 142)",1
"(137, 141)",1
"(137, 135)",1
"(137, 134)",1
"(137, 133)",1
"(136, 119)",1
"(136, 115)",1
"(134, 90)",1
"(136, 110)",1
"(134, 144)",1
"(134, 142)",1
"(134, 140)",1
"(134, 138)",1
"(134, 133)",1
"(134, 127)",1
"(134, 122)",1
"(134, 121)",1
"(134, 119)",1
"(134, 117)",1
"(134, 116)",1
"(134, 115)",1
"(134, 109)",1
"(134, 106)",1
"(134, 101)",1
"(134, 99)",1
"(134, 96)",1
"(134, 94)",1
"(134, 93)",1
"(134, 150)",1
"(135, 92)",1
"(135, 99)",1
"(135, 137)",1
"(136, 109)",1
"(136, 107)",1
"(136, 105)",1
"(136, 104)",1
"(136, 103)",1
"(136, 80)",1
"(135, 145)",1
"(135, 143)",1
"(135, 130)",1
"(135, 100)",1
"(135, 124)",1
"(135, 123)",1
"(135, 120)",1
"(135, 117)",1
"(135, 114)",1
"(135, 113)",1
"(135, 106)",1
"(135, 104)",1
"(133, 96)",1
"(104, 77)",1
"(127, 100)",1
"(72, 113)",1
"(77, 130)",1
"(77, 124)",1
"(77, 121)",1
"(77, 114)",1
"(77, 71)",1
"(77, 69)",1
"(77, 67)",1
"(77, 63)",1
"(77, 62)",1
"(76, 129)",1
"(76, 121)",1
"(76, 116)",1
"(76, 112)",1
"(76, 106)",1
"(76, 71)",1
"(76, 69)",1
"(76, 68)",1
"(76, 67)",1
"(76, 66)",1
"(78, 67)",1
"(78, 70)",1
"(78, 71)",1
"(79, 117)",1
"(80, 64)",1
"(79, 140)",1
"(79, 129)",1
"(79, 125)",1
"(79, 124)",1
"(79, 122)",1
"(79, 120)",1
"(79, 119)",1
"(79, 115)",1
"(78, 73)",1
"(79, 114)",1
"(79, 113)",1
"(79, 70)",1
"(79, 66)",1
"(78, 117)",1
"(78, 114)",1
"(78, 109)",1
"(78, 105)",1
"(76, 65)",1
"(76, 64)",1
"(75, 123)",1
"(73, 109)",1
"(74, 66)",1
"(74, 55)",1
"(73, 122)",1
"(73, 121)",1
"(73, 119)",1
"(73, 118)",1
"(73, 113)",1
"(73, 111)",1
"(73, 104)",1
"(74, 69)",1
"(73, 79)",1
"(73, 74)",1
"(73, 72)",1
"(73, 71)",1
"(73, 70)",1
"(73, 69)",1
"(73, 68)",1
"(73, 65)",1
"(74, 68)",1
"(74, 72)",1
"(75, 122)",1
"(75, 68)",1
"(75, 120)",1
"(75, 110)",1
"(75, 78)",1
"(75, 76)",1
"(75, 73)",1
"(75, 71)",1
"(75, 70)",1
"(75, 69)",1
"(75, 67)",1
"(74, 73)",1
"(75, 65)",1
"(74, 130)",1
"(74, 127)",1
"(74, 119)",1
"(74, 118)",1
"(74, 114)",1
"(74, 111)",1
"(74, 110)",1
"(80, 66)",1
"(80, 115)",1
"(80, 116)",1
"(87, 67)",1
"(87, 137)",1
"(87, 132)",1
"(87, 126)",1
"(87, 125)",1
"(87, 123)",1
"(87, 70)",1
"(87, 69)",1
"(87, 68)",1
"(87, 65)",1
"(87, 141)",1
"(86, 136)",1
"(86, 131)",1
"(86, 128)",1
"(86, 123)",1
"(86, 71)",1
"(86, 68)",1
"(86, 66)",1
"(85, 140)",1
"(87, 139)",1
"(88, 60)",1
"(85, 132)",1
"(89, 58)",1
"(89, 127)",1
"(89, 126)",1
"(89, 122)",1
"(89, 73)",1
"(89, 69)",1
"(89, 68)",1
"(89, 66)",1
"(89, 63)",1
"(88, 136)",1
"(88, 63)",1
"(88, 135)",1
"(88, 132)",1
"(88, 131)",1
"(88, 127)",1
"(88, 119)",1
"(88, 69)",1
"(88, 67)",1
"(88, 65)",1
"(85, 133)",1
"(85, 130)",1
"(80, 118)",1
"(81, 127)",1
"(82, 126)",1
"(82, 124)",1
"(82, 121)",1
"(82, 62)",1
"(82, 49)",1
"(81, 139)",1
"(81, 130)",1
"(81, 129)",1
"(81, 124)",1
"(82, 130)",1
"(81, 123)",1
"(81, 69)",1
"(81, 66)",1
"(81, 59)",1
"(80, 148)",1
"(80, 126)",1
"(80, 121)",1
"(80, 120)",1
"(82, 129)",1
"(82, 140)",1
"(85, 128)",1
"(84, 122)",1
"(85, 122)",1
"(85, 120)",1
"(85, 72)",1
"(85, 67)",1
"(85, 59)",1
"(84, 143)",1
"(84, 136)",1
"(84, 127)",1
"(84, 68)",1
"(83, 62)",1
"(84, 65)",1
"(84, 62)",1
"(84, 57)",1
"(83, 127)",1
"(83, 126)",1
"(83, 123)",1
"(83, 76)",1
"(83, 70)",1
"(73, 62)",1
"(72, 112)",1
"(90, 64)",1
"(72, 111)",1
"(65, 90)",1
"(65, 88)",1
"(65, 85)",1
"(65, 83)",1
"(65, 80)",1
"(65, 72)",1
"(65, 70)",1
"(64, 109)",1
"(64, 104)",1
"(64, 102)",1
"(64, 100)",1
"(64, 99)",1
"(64, 94)",1
"(64, 88)",1
"(64, 87)",1
"(64, 86)",1
"(64, 78)",1
"(64, 77)",1
"(64, 66)",1
"(65, 93)",1
"(65, 96)",1
"(65, 98)",1
"(66, 79)",1
"(66, 107)",1
"(66, 99)",1
"(66, 96)",1
"(66, 94)",1
"(66, 93)",1
"(66, 92)",1
"(66, 91)",1
"(66, 84)",1
"(66, 77)",1
"(65, 99)",1
"(66, 74)",1
"(66, 71)",1
"(66, 68)",1
"(66, 57)",1
"(65, 105)",1
"(65, 104)",1
"(65, 103)",1
"(65, 101)",1
"(63, 110)",1
"(63, 107)",1
"(63, 99)",1
"(59, 64)",1
"(60, 99)",1
"(60, 86)",1
"(60, 71)",1
"(60, 64)",1
"(59, 124)",1
"(59, 104)",1
"(59, 101)",1
"(59, 92)",1
"(58, 97)",1
"(61, 78)",1
"(58, 88)",1
"(58, 84)",1
"(58, 77)",1
"(57, 112)",1
"(56, 78)",1
"(56, 73)",1
"(56, 71)",1
"(56, 65)",1
"(61, 72)",1
"(61, 84)",1
"(63, 94)",1
"(63, 73)",1
"(63, 93)",1
"(63, 92)",1
"(63, 90)",1
"(63, 85)",1
"(63, 84)",1
"(63, 81)",1
"(63, 78)",1
"(63, 76)",1
"(62, 111)",1
"(61, 91)",1
"(62, 97)",1
"(62, 93)",1
"(62, 90)",1
"(62, 88)",1
"(62, 84)",1
"(62, 64)",1
"(61, 93)",1
"(61, 92)",1
"(66, 111)",1
"(67, 65)",1
"(67, 70)",1
"(70, 108)",1
"(71, 79)",1
"(71, 76)",1
"(71, 72)",1
"(71, 69)",1
"(71, 67)",1
"(71, 66)",1
"(70, 123)",1
"(70, 111)",1
"(70, 106)",1
"(71, 90)",1
"(70, 104)",1
"(70, 103)",1
"(70, 102)",1
"(70, 101)",1
"(70, 100)",1
"(70, 99)",1
"(70, 98)",1
"(70, 93)",1
"(71, 89)",1
"(71, 92)",1
"(70, 82)",1
"(72, 65)",1
"(72, 110)",1
"(72, 106)",1
"(72, 93)",1
"(72, 86)",1
"(72, 77)",1
"(72, 76)",1
"(72, 67)",1
"(72, 66)",1
"(71, 114)",1
"(71, 97)",1
"(71, 113)",1
"(71, 110)",1
"(71, 109)",1
"(71, 107)",1
"(71, 105)",1
"(71, 104)",1
"(71, 101)",1
"(71, 98)",1
"(70, 92)",1
"(70, 76)",1
"(67, 72)",1
"(67, 100)",1
"(68, 86)",1
"(68, 85)",1
"(68, 75)",1
"(68, 72)",1
"(67, 111)",1
"(67, 110)",1
"(67, 105)",1
"(67, 103)",1
"(67, 90)",1
"(68, 101)",1
"(67, 88)",1
"(67, 84)",1
"(67, 83)",1
"(67, 80)",1
"(67, 79)",1
"(67, 76)",1
"(67, 75)",1
"(67, 73)",1
"(68, 99)",1
"(68, 104)",1
"(69, 119)",1
"(69, 82)",1
"(69, 116)",1
"(69, 112)",1
"(69, 111)",1
"(69, 108)",1
"(69, 103)",1
"(69, 102)",1
"(69, 97)",1
"(69, 96)",1
"(69, 78)",1
"(68, 106)",1
"(69, 77)",1
"(69, 75)",1
"(69, 65)",1
"(68, 118)",1
"(68, 116)",1
"(68, 114)",1
"(68, 112)",1
"(68, 107)",1
"(89, 140)",1
"(90, 65)",1
"(127, 98)",1
"(110, 151)",1
"(116, 156)",1
"(116, 155)",1
"(116, 148)",1
"(116, 147)",1
"(116, 145)",1
"(116, 144)",1
"(116, 142)",1
"(116, 141)",1
"(115, 149)",1
"(115, 147)",1
"(115, 146)",1
"(115, 145)",1
"(115, 144)",1
"(115, 143)",1
"(115, 141)",1
"(115, 140)",1
"(115, 85)",1
"(115, 84)",1
"(115, 78)",1
"(116, 168)",1
"(117, 70)",1
"(117, 79)",1
"(118, 85)",1
"(119, 90)",1
"(119, 88)",1
"(119, 87)",1
"(119, 84)",1
"(119, 82)",1
"(119, 68)",1
"(118, 155)",1
"(118, 142)",1
"(118, 79)",1
"(117, 83)",1
"(118, 74)",1
"(118, 66)",1
"(117, 160)",1
"(117, 147)",1
"(117, 146)",1
"(117, 144)",1
"(117, 140)",1
"(117, 85)",1
"(115, 77)",1
"(115, 71)",1
"(115, 68)",1
"(111, 149)",1
"(112, 143)",1
"(112, 142)",1
"(112, 82)",1
"(112, 80)",1
"(112, 77)",1
"(111, 158)",1
"(111, 154)",1
"(111, 153)",1
"(111, 143)",1
"(112, 146)",1
"(111, 142)",1
"(111, 137)",1
"(111, 82)",1
"(111, 78)",1
"(111, 77)",1
"(111, 76)",1
"(111, 72)",1
"(111, 71)",1
"(112, 144)",1
"(112, 147)",1
"(114, 152)",1
"(113, 150)",1
"(114, 148)",1
"(114, 144)",1
"(114, 139)",1
"(114, 84)",1
"(114, 83)",1
"(114, 79)",1
"(114, 76)",1
"(114, 73)",1
"(113, 147)",1
"(112, 148)",1
"(113, 146)",1
"(113, 144)",1
"(113, 143)",1
"(113, 142)",1
"(113, 140)",1
"(113, 81)",1
"(113, 80)",1
"(112, 150)",1
"(119, 134)",1
"(119, 142)",1
"(119, 143)",1
"(124, 149)",1
"(125, 143)",1
"(125, 142)",1
"(125, 93)",1
"(125, 90)",1
"(125, 88)",1
"(125, 84)",1
"(125, 81)",1
"(125, 80)",1
"(124, 148)",1
"(125, 147)",1
"(124, 140)",1
"(124, 135)",1
"(124, 95)",1
"(124, 93)",1
"(124, 91)",1
"(124, 87)",1
"(124, 80)",1
"(124, 76)",1
"(125, 145)",1
"(125, 150)",1
"(124, 73)",1
"(126, 150)",1
"(127, 96)",1
"(127, 95)",1
"(127, 93)",1
"(127, 92)",1
"(127, 89)",1
"(127, 88)",1
"(127, 87)",1
"(127, 80)",1
"(126, 148)",1
"(125, 159)",1
"(126, 143)",1
"(126, 97)",1
"(126, 95)",1
"(126, 91)",1
"(126, 86)",1
"(126, 85)",1
"(126, 70)",1
"(125, 163)",1
"(124, 74)",1
"(123, 152)",1
"(119, 148)",1
"(120, 146)",1
"(121, 91)",1
"(121, 85)",1
"(121, 84)",1
"(121, 81)",1
"(121, 80)",1
"(121, 63)",1
"(120, 152)",1
"(120, 147)",1
"(120, 142)",1
"(121, 145)",1
"(120, 137)",1
"(120, 87)",1
"(120, 84)",1
"(120, 83)",1
"(120, 79)",1
"(120, 66)",1
"(119, 156)",1
"(119, 149)",1
"(121, 143)",1
"(121, 146)",1
"(123, 150)",1
"(122, 143)",1
"(123, 145)",1
"(123, 142)",1
"(123, 141)",1
"(123, 91)",1
"(123, 89)",1
"(123, 86)",1
"(123, 82)",1
"(122, 145)",1
"(122, 138)",1
"(121, 156)",1
"(122, 95)",1
"(122, 92)",1
"(122, 91)",1
"(122, 90)",1
"(122, 88)",1
"(122, 87)",1
"(122, 84)",1
"(122, 83)",1
"(111, 68)",1
"(110, 144)",1
"(90, 67)",1
"(110, 143)",1
"(98, 67)",1
"(98, 66)",1
"(97, 141)",1
"(97, 137)",1
"(97, 136)",1
"(97, 132)",1
"(97, 128)",1
"(97, 69)",1
"(97, 68)",1
"(97, 66)",1
"(96, 144)",1
"(96, 140)",1
"(96, 134)",1
"(96, 124)",1
"(96, 72)",1
"(96, 67)",1
"(95, 143)",1
"(95, 141)",1
"(95, 135)",1
"(98, 71)",1
"(98, 135)",1
"(98, 139)",1
"(100, 59)",1
"(100, 142)",1
"(100, 141)",1
"(100, 139)",1
"(100, 138)",1
"(100, 137)",1
"(100, 73)",1
"(100, 68)",1
"(100, 64)",1
"(99, 162)",1
"(98, 144)",1
"(99, 151)",1
"(99, 146)",1
"(99, 144)",1
"(99, 142)",1
"(99, 140)",1
"(99, 72)",1
"(99, 69)",1
"(98, 154)",1
"(95, 70)",1
"(95, 67)",1
"(95, 56)",1
"(91, 133)",1
"(92, 65)",1
"(92, 62)",1
"(91, 153)",1
"(91, 150)",1
"(91, 139)",1
"(91, 136)",1
"(91, 135)",1
"(91, 134)",1
"(91, 70)",1
"(92, 70)",1
"(91, 69)",1
"(91, 65)",1
"(91, 63)",1
"(90, 137)",1
"(90, 135)",1
"(90, 71)",1
"(90, 70)",1
"(90, 69)",1
"(92, 69)",1
"(92, 72)",1
"(94, 143)",1
"(93, 135)",1
"(94, 142)",1
"(94, 141)",1
"(94, 139)",1
"(94, 67)",1
"(94, 64)",1
"(93, 149)",1
"(93, 139)",1
"(93, 138)",1
"(93, 129)",1
"(92, 129)",1
"(93, 126)",1
"(93, 71)",1
"(93, 62)",1
"(92, 135)",1
"(92, 134)",1
"(92, 133)",1
"(92, 132)",1
"(92, 130)",1
"(100, 143)",1
"(100, 144)",1
"(101, 68)",1
"(107, 142)",1
"(108, 66)",1
"(108, 63)",1
"(107, 153)",1
"(107, 152)",1
"(107, 151)",1
"(107, 149)",1
"(107, 147)",1
"(107, 145)",1
"(107, 141)",1
"(108, 76)",1
"(107, 133)",1
"(107, 76)",1
"(107, 68)",1
"(106, 149)",1
"(106, 144)",1
"(106, 142)",1
"(106, 141)",1
"(106, 79)",1
"(108, 72)",1
"(108, 79)",1
"(106, 73)",1
"(109, 145)",1
"(110, 142)",1
"(110, 138)",1
"(110, 136)",1
"(110, 84)",1
"(110, 80)",1
"(109, 153)",1
"(109, 148)",1
"(109, 147)",1
"(109, 138)",1
"(108, 134)",1
"(109, 132)",1
"(109, 81)",1
"(109, 79)",1
"(109, 77)",1
"(109, 73)",1
"(109, 71)",1
"(108, 145)",1
"(108, 139)",1
"(106, 75)",1
"(106, 70)",1
"(101, 69)",1
"(102, 139)",1
"(104, 70)",1
"(103, 143)",1
"(103, 139)",1
"(103, 137)",1
"(103, 136)",1
"(102, 158)",1
"(102, 146)",1
"(102, 144)",1
"(102, 136)",1
"(104, 74)",1
"(102, 74)",1
"(102, 68)",1
"(101, 146)",1
"(101, 143)",1
"(101, 136)",1
"(101, 134)",1
"(101, 73)",1
"(101, 71)",1
"(104, 72)",1
"(104, 79)",1
"(106, 69)",1
"(104, 156)",1
"(106, 68)",1
"(105, 146)",1
"(105, 143)",1
"(105, 141)",1
"(105, 140)",1
"(105, 74)",1
"(105, 73)",1
"(105, 69)",1
"(104, 154)",1
"(104, 135)",1
"(104, 150)",1
"(104, 146)",1
"(104, 144)",1
"(104, 143)",1
"(104, 140)",1
"(104, 139)",1
"(104, 138)",1
"(104, 137)",1
"(186, 184)",1
